id,chapter,title,tier,type,fixed_prefix,concept,human_problem,black_plan,memory_rule,surprise_editorial_1_5,opponent_burden_editorial_1_5,our_simplicity_editorial_1_5,learning_longevity_editorial_1_5,human_pressure_editorial_mean_1_5,engine_worst_grade_fixed_moves,engine_max_loss_cp_fixed_moves,validation_humaine
LON-01,Londres — noyau ...Qb6,La dame blanche s’échange : ...c4!,Essentiel,critique,1. d4 d5 2. Nf3 Nf6 3. Bf4 c5 4. e3 Nc6 5. c3 Qb6 6. Qb3 c4 7. Qxb6 axb6,Fermer le centre avec gain de temps et accepter les pions doublés pour ouvrir la colonne a.,Le joueur du Londres pense neutraliser la pression par un échange de dames ; il sous-estime la structure active des Noirs.,"Jouer ...b5, ...Bf5 et utiliser la colonne a ; le fou f4 manque souvent de bonnes cases.","Qb3 ? Répondre c4 ; après l’échange, la colonne a paie les pions doublés.",5,4,5,5,4.75,A,0,À MESURER — aucune fréquence ou probabilité Maia/Lichess revendiquée
LON-02,Londres — noyau ...Qb6,La dame recule en c2 : ...Bf5,Club,critique,1. d4 d5 2. Nf3 Nf6 3. Bf4 c5 4. e3 Nc6 5. c3 Qb6 6. Qb3 c4 7. Qc2 Bf5,Développer avec tempo sur la dame et obtenir une version améliorée du développement noir.,Le recul Qc2 paraît naturel mais autorise un second gain de temps.,"Après ...Bf5, développer ...e6, ...Be7 et choisir entre ...Nh5 et ...e5.",Une dame déplacée deux fois doit être interrogée une troisième fois.,4,4,5,5,4.5,A,0,À MESURER — aucune fréquence ou probabilité Maia/Lichess revendiquée
LON-03,Londres — noyau ...Qb6,La finale asymétrique : le plan ...b5,Avancé,structure,1. d4 d5 2. Nf3 Nf6 3. Bf4 c5 4. e3 Nc6 5. c3 Qb6 6. Qb3 c4 7. Qxb6 axb6 8. Nbd2 b5,Transformer une faiblesse statique apparente en majorité d’espace et colonne ouverte.,Les Blancs évaluent souvent les pions b6-b7 comme faibles sans voir la poussée ...b5-b4.,"Fixer l’aile-dame, développer le fou c8 en f5 et doubler les tours sur la colonne a.",Les pions doublés ne sont faibles que s’ils ne bougent pas et si la colonne ouverte ne sert à rien.,4,4,4,5,4.25,A,0,À MESURER — aucune fréquence ou probabilité Maia/Lichess revendiquée
LON-04,Londres — noyau ...Qb6,Qc1 et reprise par le pion e,Essentiel,critique,1. d4 d5 2. Nf3 Nf6 3. Bf4 c5 4. e3 Nc6 5. c3 Qb6 6. Qc1 cxd4 7. exd4 Bf5,Clarifier le centre puis développer le fou avant ...e6.,Qc1 défend b2 mais enferme la tour a1 et laisse les Noirs gagner l’initiative de développement.,"Mettre le fou en f5, jouer ...e6 et exploiter la colonne c semi-ouverte.","Quand la dame retourne en c1, ouvre la colonne c avant qu’elle ne ressorte.",3,3,5,5,4.0,A,15,À MESURER — aucune fréquence ou probabilité Maia/Lichess revendiquée
LON-05,Londres — noyau ...Qb6,Qc1 et reprise par le pion c,Club,structure,1. d4 d5 2. Nf3 Nf6 3. Bf4 c5 4. e3 Nc6 5. c3 Qb6 6. Qc1 cxd4 7. cxd4 Bf5,Forcer une structure de Carlsbad inversée où les Noirs ont déjà développé activement.,La reprise cxd4 paraît saine mais laisse c3 vide et facilite ...Nb4.,"Développer ...e6, viser b4 et mettre une tour en c8.","Après cxd4, la case b4 devient une vraie destination.",3,3,4,5,3.75,A,15,À MESURER — aucune fréquence ou probabilité Maia/Lichess revendiquée
LON-06,Londres — noyau ...Qb6,Qc2 : poser la question avec ...Nh5,Essentiel,pratique,1. d4 d5 2. Nf3 Nf6 3. Bf4 c5 4. e3 Nc6 5. c3 Qb6 6. Qc2 Nh5 7. Bg3 Nxg3 8. hxg3,Échanger le fou du Londres et provoquer une structure qui offre des cibles.,Les Blancs veulent conserver leur fou et acceptent souvent une reprise h qui modifie leur roque.,"Jouer ...g6, ...Bg7 et ouvrir la colonne h seulement si le roi blanc y roque.","Q protégée, fou exposé : ...Nh5 devient possible.",4,4,5,5,4.5,A,5,À MESURER — aucune fréquence ou probabilité Maia/Lichess revendiquée
LON-07,Londres — noyau ...Qb6,Le fou se cache en g5 : ...h6 et ...g5,Club,pratique,1. d4 d5 2. Nf3 Nf6 3. Bf4 c5 4. e3 Nc6 5. c3 Qb6 6. Qc2 Nh5 7. Bg5 h6 8. Bh4 g5,"Gagner de l’espace sur l’aile-roi sans mettre son roi en danger, car le centre est contrôlé.",Le fou blanc suit un automatisme de conservation et finit par manquer de cases.,"Poursuivre par ...g4 si le cavalier f3 est mal placé, sinon consolider avec ...Bg7.",Ne pousse pas les pions pour attaquer le roi : pousse-les pour emprisonner le fou.,5,5,4,4,4.5,A,0,À MESURER — aucune fréquence ou probabilité Maia/Lichess revendiquée
LON-08,Londres — noyau ...Qb6,Qc2 puis prise en c5,Club,critique,1. d4 d5 2. Nf3 Nf6 3. Bf4 c5 4. e3 Nc6 5. c3 Qb6 6. Qc2 Nh5 7. dxc5 Qxc5,Récupérer le pion avec activité et conserver la pression sur le fou.,Les Blancs espèrent profiter du cavalier en h5 pour voler le pion c5.,"Développer ...g6, ...Bg7 et utiliser la colonne c ; le cavalier h5 garde la paire de fous sous pression.",Le pion c5 n’est pas gratuit quand la dame noire reprend avec tempo.,3,3,4,5,3.75,A,5,À MESURER — aucune fréquence ou probabilité Maia/Lichess revendiquée
LON-09,Londres — noyau ...Qb6,b3 protège b2 : développer avec ...Bg4,Essentiel,structure,1. d4 d5 2. Nf3 Nf6 3. Bf4 c5 4. e3 Nc6 5. c3 Qb6 6. b3 Bg4,Répondre à une concession de case sombre par un développement actif.,b3 règle un problème immédiat mais affaiblit c3 et ralentit le développement du cavalier b1.,"Mettre la pression sur f3, jouer ...e6 et échanger en d4 au bon moment.","Quand b2 est sauvé par b3, change de cible : f3 et d4.",3,3,5,5,4.0,A,2,À MESURER — aucune fréquence ou probabilité Maia/Lichess revendiquée
LON-10,Londres — noyau ...Qb6,Le pion c5 “gratuit” : ...Qxb2!,Essentiel,pratique,1. d4 d5 2. Nf3 Nf6 3. Bf4 c5 4. e3 Nc6 5. c3 Qb6 6. dxc5 Qxb2 7. Nbd2 Qxc3,"Exploiter la surcharge de la dame blanche : elle ne peut défendre c5, b2 et le développement.",Le joueur du système voit un pion en c5 et oublie que sa tour a1 est encore enfermée.,"Rentrer par a5 ou c3, puis développer ; ne pas collectionner les pions sans voie de sortie.","Avant de prendre c5, compte b2 — deux fois.",5,5,4,4,4.5,A,0,À MESURER — aucune fréquence ou probabilité Maia/Lichess revendiquée
LON-11,Londres — noyau ...Qb6,Nbd2 laisse b2 : la route de sortie ...Qxc3,Club,critique,1. d4 d5 2. Nf3 Nf6 3. Bf4 c5 4. e3 Nc6 5. c3 Qb6 6. Nbd2 Qxb2 7. Rb1 Qxc3,Prendre b2 seulement lorsque la dame dispose d’une case de fuite concrète.,"Rb1 ressemble à un gain de dame, mais c3 devient la case d’évacuation.","Après ...Qxc3, répondre au développement par ...Bd7 ou ...cxd4 et ramener la dame.",Une dame n’est pas piégée si elle peut sortir par la case que le pion c vient de quitter.,5,5,3,4,4.25,A,4,À MESURER — aucune fréquence ou probabilité Maia/Lichess revendiquée
LON-12,Londres — noyau ...Qb6,Bd3 oublie b2,Essentiel,pratique,1. d4 d5 2. Nf3 Nf6 3. Bf4 c5 4. e3 Nc6 5. c3 Qb6 6. Bd3 Qxb2 7. Nbd2 Qxc3,Punir un développement automatique qui ne répond pas à la menace immédiate.,"Bd3 est le coup “du système”, mais la position exige d’abord de traiter b2.","Après le gain de pion, neutraliser e4 et finir le développement sans précipitation.",Un coup normal peut être une gaffe s’il ignore une question concrète.,5,5,5,4,4.75,A,0,À MESURER — aucune fréquence ou probabilité Maia/Lichess revendiquée
LON-13,Londres — noyau ...Qb6,h3 : un tempo de trop,Essentiel,pratique,1. d4 d5 2. Nf3 Nf6 3. Bf4 c5 4. e3 Nc6 5. c3 Qb6 6. h3 Qxb2 7. Nbd2 c4,Convertir un tempo lent en gain de pion puis en espace.,h3 est un automatisme prophylactique ; il ne protège ni b2 ni d4.,"Fixer le fou d3 avec ...c4, puis mettre la dame à l’abri.","Quand l’adversaire joue un luxe, encaisse la dette sur b2.",5,5,4,4,4.5,A,0,À MESURER — aucune fréquence ou probabilité Maia/Lichess revendiquée
LON-14,Londres — noyau ...Qb6,Be2 et reprise exd4 : b2 reste vulnérable,Club,structure,1. d4 d5 2. Nf3 Nf6 3. Bf4 c5 4. e3 Nc6 5. c3 Qb6 6. Be2 cxd4 7. exd4 Qxb2,Clarifier le centre puis constater que b2 reste insuffisamment défendu.,"Be2 et exd4 paraissent consolider la position, mais la dame blanche ne protège toujours pas b2.","Après ...Qxb2, utiliser c3 comme voie de sortie puis terminer le développement.",Ouvrir le centre peut aussi ouvrir une route de fuite à la dame noire.,2,3,5,5,3.75,B,36,À MESURER — aucune fréquence ou probabilité Maia/Lichess revendiquée
LON-15,Londres — noyau ...Qb6,Qa4 ne sauve pas b2 : ...Qxb2,Avancé,critique,1. d4 d5 2. Nf3 Nf6 3. Bf4 c5 4. e3 Nc6 5. c3 Qb6 6. Qa4 Qxb2,Vérifier concrètement la cible b2 au lieu de répondre automatiquement au pseudo-clouage.,"Qa4 donne une impression d’activité, mais la dame blanche ne protège toujours pas son aile-dame.","Après ...Qxb2, préparer ...Bd7 ou ...a6 et identifier la sortie avant Rb1.",Une dame active ne protège pas automatiquement les pions qu’elle a quittés.,4,4,4,5,4.25,A,0,À MESURER — aucune fréquence ou probabilité Maia/Lichess revendiquée
LON-16,Londres — avant c3,Nbd2 précoce : clarifier d4,Club,critique,1. d4 d5 2. Nf3 Nf6 3. Bf4 c5 4. e3 Nc6 5. Nbd2 cxd4 6. exd4 Bf5,Profiter de l’absence de c3 pour obtenir une colonne c immédiatement.,Nbd2 protège e4 mais gêne la dame et laisse d4 devenir une cible claire.,"Mettre une tour en c8, jouer ...e6 et surveiller Nb4.","Sans c3, la colonne c s’ouvre plus vite.",2,3,5,5,3.75,B,28,À MESURER — aucune fréquence ou probabilité Maia/Lichess revendiquée
LON-17,Londres — avant c3,Prise précoce en c5 : récupérer sans perdre le centre,Club,critique,1. d4 d5 2. Nf3 Nf6 3. Bf4 c5 4. e3 Nc6 5. dxc5 e6,Refuser la chasse au pion et développer avec gain de temps sur c5.,Les Blancs pensent avoir gagné un pion ; en réalité ils déplacent le fou ou la dame pour le défendre.,Reprendre c5 avec le fou et profiter de la diagonale.,Un pion d’aile ne vaut pas un retard de développement au centre.,2,3,5,5,3.75,A,0,À MESURER — aucune fréquence ou probabilité Maia/Lichess revendiquée
LON-18,Londres — avant c3,Be2 sans c3 : ...Qb6 garde la pression,Club,structure,1. d4 d5 2. Nf3 Nf6 3. Bf4 c5 4. e3 Nc6 5. Be2 Qb6,Conserver la menace sur b2 tout en empêchant un développement sans questions.,Le roque rapide ne résout pas la fragilité de b2.,"Après Qc1 ou b3, choisir entre ...Bf5 et ...cxd4.",Roquer ne défend pas b2.,3,3,5,5,4.0,B,42,À MESURER — aucune fréquence ou probabilité Maia/Lichess revendiquée
ORD-01,Londres — ordres de coups,2.Bf4 : ...c5 puis le clouage ...Bg4,Essentiel,critique,1. d4 d5 2. Bf4 c5 3. e3 Nc6 4. Nf3 Bg4,Frapper le centre puis développer avec un clouage avant de sortir la dame.,"Sans c3, la dame noire n’a pas besoin de sortir tôt ; le clouage ralentit le développement naturel.","Après Be2, choisir entre ...Bxe2 et ...e6 ; après h3, décider Bh5 ou Bf5.","Sans c3, développe d’abord ; avec c3, ...Qb6 devient plus fort.",4,4,5,5,4.5,A,19,À MESURER — aucune fréquence ou probabilité Maia/Lichess revendiquée
ORD-02,Londres — ordres de coups,2.Bf4 et 3.c3 : revenir au plan ...Nc6,Essentiel,structure,1. d4 d5 2. Bf4 c5 3. c3 Nc6 4. e3 Nf6 5. Nf3 Qb6,Retrouver le noyau du répertoire par transposition.,c3 semble sécuriser d4 mais retire la meilleure case au cavalier b1.,Attaquer b2 et d4 ; utiliser ...Bf5 si la dame recule.,c3 protège d4 une fois et affaiblit b2 pour longtemps.,3,3,5,5,4.0,A,19,À MESURER — aucune fréquence ou probabilité Maia/Lichess revendiquée
ORD-03,Londres — ordres de coups,Le pseudo-gambit 3.e4 : accepter le centre,Club,critique,1. d4 d5 2. Bf4 c5 3. e4 dxe4 4. d5 Nf6,Ne pas confondre agressivité visuelle et compensation réelle.,e4 cherche à surprendre un joueur qui applique mécaniquement ...Nc6.,"Développer, rendre le pion si nécessaire et viser d5/e4.","Contre e4 sans préparation, prends d’abord et pose les questions ensuite.",4,4,4,4,4.0,A,0,À MESURER — aucune fréquence ou probabilité Maia/Lichess revendiquée
ORD-04,Londres — ordres de coups,"2.Bf4, prise en c5 : ...e6",Club,critique,1. d4 d5 2. Bf4 c5 3. dxc5 e6,Gagner du développement en attaquant le pion avancé.,La prise donne l’impression de gagner un pion mais abandonne le contrôle de e5.,Reprendre avec le fou et roquer rapidement.,Le pion c5 sert de crochet de développement aux Noirs.,2,3,5,5,3.75,A,2,À MESURER — aucune fréquence ou probabilité Maia/Lichess revendiquée
ORD-05,Londres — ordres de coups,4.c3 avant e3 : même ...Nc6,Essentiel,structure,1. d4 d5 2. Nf3 Nf6 3. Bf4 c5 4. c3 Nc6 5. e3 Qb6,Montrer que l’ordre blanc ne change pas le plan noir.,Les Blancs cherchent à éviter une ligne connue par simple permutation.,Revenir au dilemme b2-d4.,"Reconnais la structure, pas l’ordre des coups.",2,2,5,5,3.5,A,0,À MESURER — aucune fréquence ou probabilité Maia/Lichess revendiquée
ORD-06,Londres — ordres de coups,4.Nbd2 : ...cxd4 puis ...Nbd7,Club,pratique,1. d4 d5 2. Nf3 Nf6 3. Bf4 c5 4. Nbd2 cxd4 5. Nxd4 Nbd7,Développer sans précipiter la chasse au fou et préparer ...e5.,Le cavalier d4 paraît actif ; ...Nbd7 construit e5 tout en gardant la position saine.,"Jouer ...e5 lorsque la tactique le permet, sinon ...e6 et ...Bd6.",Ne chasse pas le fou avant d’avoir terminé le développement nécessaire.,3,4,4,4,3.75,A,0,À MESURER — aucune fréquence ou probabilité Maia/Lichess revendiquée
ORD-07,Londres — ordres de coups,4.dxc5 : développement avant récupération,Club,critique,1. d4 d5 2. Nf3 Nf6 3. Bf4 c5 4. dxc5 Nc6 5. e3 e6,Développer les deux pièces qui attaquent c5 avant de reprendre.,Les Blancs espèrent que la récupération du pion coûtera plusieurs tempos.,"Reprendre Bxc5, puis roquer ; ne pas déplacer la dame sans raison.",Attaque le pion avec des pièces que tu voulais développer de toute façon.,2,3,5,5,3.75,B,42,À MESURER — aucune fréquence ou probabilité Maia/Lichess revendiquée
ORD-08,Londres — ordres de coups,...Qb6 avant ...Nc6 : savoir refuser ...Qxb2,Avancé,critique,1. d4 d5 2. Nf3 Nf6 3. Bf4 c5 4. e3 Qb6 5. Nc3 a6,Distinguer pression et gourmandise : la menace sur b2 n’oblige pas à prendre.,"Nc3 laisse b2 attaqué, mais rend ici les voies de sortie de la dame noire moins fiables.","Jouer ...a6 pour préparer ...Bf5, ...c4 ou ...e6 et garder la tension.",Une menace utile peut forcer une concession sans jamais être exécutée.,5,5,3,3,4.0,B,46,À MESURER — aucune fréquence ou probabilité Maia/Lichess revendiquée
ORD-09,Londres — ordres de coups,h4 précoce : riposter au centre,Club,structure,1. d4 d5 2. Nf3 Nf6 3. Bf4 c5 4. h4 cxd4 5. Nxd4 Nbd7,Répondre à une expansion d’aile par une pression centrale immédiate.,"h4 cherche à intimider, mais ne développe rien et ne défend pas b2.",Ne pas lancer une contre-attaque de pions ; finir le développement et viser d4.,Une attaque d’aile prématurée se punit au centre.,4,4,5,5,4.5,A,0,À MESURER — aucune fréquence ou probabilité Maia/Lichess revendiquée
ORD-10,Londres — ordres de coups,h3 précoce : prendre l’initiative,Essentiel,structure,1. d4 d5 2. Nf3 Nf6 3. Bf4 c5 4. h3 cxd4 5. Nxd4 Qb6,Capitaliser sur un tempo prophylactique qui ne répond à aucune menace réelle.,h3 est joué par habitude pour offrir h2 au fou.,"Attaquer b2, puis utiliser ...Bf5 ou ...cxd4.","Quand l’adversaire prépare une retraite, avance au centre.",3,3,5,5,4.0,A,0,À MESURER — aucune fréquence ou probabilité Maia/Lichess revendiquée
ORD-11,Londres — ordres de coups,Le fou en g3 trop tôt : ...cxd4 puis ...Qb6,Club,structure,1. d4 d5 2. Nf3 Nf6 3. Bf4 c5 4. e3 Nc6 5. Bg3 cxd4 6. exd4 Qb6,Profiter du retrait du fou pour gagner le droit de développer librement.,Bg3 évite ...Nh5 à l’avance mais abandonne un tempo au centre.,"Jouer ...e6, ...Be7 et ...Rc8.",Un retrait préventif du fou vaut un tempo central.,2,2,5,5,3.5,A,2,À MESURER — aucune fréquence ou probabilité Maia/Lichess revendiquée
ORD-12,Londres — ordres de coups,Le Londres sans Nf3 : ...Qb6 et ...e5,Avancé,critique,1. d4 d5 2. Bf4 c5 3. e3 Nc6 4. c3 Qb6 5. Qb3 c4,Utiliser l’absence du cavalier f3 pour gagner encore plus d’espace.,Les Blancs pensent que Qb3 force l’échange et simplifie.,"Après Qxb6 axb6, préparer ...b5 et éventuellement ...e5.","Sans Nf3, la rupture ...e5 arrive plus vite.",4,4,4,5,4.25,A,1,À MESURER — aucune fréquence ou probabilité Maia/Lichess revendiquée
JOB-01,Jobava,4.e3 : le clouage utile ...Bg4,Essentiel,critique,1. d4 d5 2. Nc3 Nf6 3. Bf4 c5 4. e3 Bg4,Développer avec une question concrète et ralentir l’idée Nb5.,Le Jobava compte sur un développement automatique suivi de Nb5.,"Après Be2, jouer ...Bxe2 ou ...e6 ; après f3, frapper en d4.","Avant de défendre c7, cloue la pièce qui doit attaquer.",3,3,5,5,4.0,A,19,À MESURER — aucune fréquence ou probabilité Maia/Lichess revendiquée
JOB-02,Jobava,4.e3 cxd4 et l’échec ...Qa5+,Club,pratique,1. d4 d5 2. Nc3 Nf6 3. Bf4 c5 4. e3 cxd4 5. Nb5 Qa5+,Retourner la menace sur c7 par un échec intermédiaire.,"Nb5 est le geste emblématique du Jobava ; joué trop tôt, il oublie la diagonale a5-e1.","Après c3, prendre en c3 ou jouer ...Na6 selon la position.","Quand Nb5 vise c7, cherche toujours ...Qa5+.",5,5,4,5,4.75,B,37,À MESURER — aucune fréquence ou probabilité Maia/Lichess revendiquée
JOB-03,Jobava,4.dxc5 : la poussée machine ...d4!,Essentiel,pratique,1. d4 d5 2. Nc3 Nf6 3. Bf4 c5 4. dxc5 d4,Gagner de l’espace et chasser le cavalier au lieu de récupérer immédiatement le pion.,Les Blancs attendent ...e6 ; ...d4 inverse la question et force une décision.,"Après Nb1, jouer ...e5 ; après Na4, préparer ...Qa5+.",Un pion pris sur l’aile peut être payé par un tempo au centre.,5,5,5,5,5.0,A,0,À MESURER — aucune fréquence ou probabilité Maia/Lichess revendiquée
JOB-04,Jobava,4.Nb5 : l’échec qui casse le schéma,Essentiel,pratique,1. d4 d5 2. Nc3 Nf6 3. Bf4 c5 4. Nb5 Qa5+,Exploiter immédiatement le cavalier éloigné et le roi au centre.,Le joueur connaît la menace Nc7+ mais oublie que son cavalier c3 ne peut plus bloquer Qa5+.,"Après Nc3, prendre d4 ou jouer ...Na6 selon la tactique.",Nb5 sans c3 disponible appelle ...Qa5+.,5,5,5,5,5.0,A,0,À MESURER — aucune fréquence ou probabilité Maia/Lichess revendiquée
JOB-05,Jobava,4.e4 : enlever le centre avec ...Nxe4,Club,critique,1. d4 d5 2. Nc3 Nf6 3. Bf4 c5 4. e4 Nxe4 5. Nxe4 dxe4,Accepter la clarification tactique et rendre le centre blanc instable.,"e4 paraît gagner de l’espace, mais le pion d4 ne peut tout soutenir.","Développer ...Nc6, ...Bf5 et récupérer c5/e4 selon la ligne.",Deux pions centraux ne sont forts que s’ils se protègent vraiment.,4,4,4,4,4.0,A,0,À MESURER — aucune fréquence ou probabilité Maia/Lichess revendiquée
JOB-06,Jobava,4.f3 : ouvrir d4 avant l’attaque,Essentiel,pratique,1. d4 d5 2. Nc3 Nf6 3. Bf4 c5 4. f3 cxd4 5. Qxd4 Nc6,Punir une préparation lente de e4 en ouvrant le centre.,f3 affaiblit e3 et le roi tout en plaçant la dame blanche face aux tempos.,Développer ...e5 ou ...Bf5 avec tempo sur la dame.,"Quand f3 prépare e4, ouvre le centre avant e4.",5,5,5,4,4.75,A,0,À MESURER — aucune fréquence ou probabilité Maia/Lichess revendiquée
JOB-07,Jobava,4.Qd2 : ...cxd4 force la dame à travailler,Club,pratique,1. d4 d5 2. Nc3 Nf6 3. Bf4 c5 4. Qd2 cxd4 5. Nb5 Ne4,Gagner des tempos sur la dame et le cavalier en clarifiant d4.,Qd2 prépare le grand roque mais surcharge la dame.,Utiliser ...Na6 ou ...Qa5+ ; ne pas se précipiter sur c7.,Une dame qui prépare le roque devient une cible centrale.,4,5,4,4,4.25,A,0,À MESURER — aucune fréquence ou probabilité Maia/Lichess revendiquée
JOB-08,Jobava,4.Nf3 : ...cxd4 puis ...Nbd7,Essentiel,structure,1. d4 d5 2. Nc3 Nf6 3. Bf4 c5 4. Nf3 cxd4 5. Nxd4 Nbd7,Échanger au centre puis préparer ...e5 sans exposer le cavalier c6.,"Nf3 semble paisible ; après Nxd4, ...Nbd7 prépare une rupture centrale très concrète.","Jouer ...e5 ou ...e6 selon le placement du fou, puis développer ...Bb4.",Le subtil ...Nbd7 garde c6 libre et prépare ...e5.,2,3,5,5,3.75,A,0,À MESURER — aucune fréquence ou probabilité Maia/Lichess revendiquée
JOB-09,Jobava,4.a3 : un tempo décoratif,Essentiel,pratique,1. d4 d5 2. Nc3 Nf6 3. Bf4 c5 4. a3 cxd4 5. Qxd4 Nc6,Ouvrir le centre avant que le coup utile e3 n’arrive.,a3 prépare b4 mais ne répond pas à la tension sur d4.,Développer avec tempo et viser e5.,Un coup d’aile sans menace offre un tempo au centre.,4,5,5,4,4.5,A,0,À MESURER — aucune fréquence ou probabilité Maia/Lichess revendiquée
JOB-10,Jobava,4.h4 : même sanction centrale,Essentiel,pratique,1. d4 d5 2. Nc3 Nf6 3. Bf4 c5 4. h4 cxd4 5. Qxd4 Nc6,Montrer que l’agression visuelle n’empêche pas la rupture centrale.,h4 cherche une attaque avant que le roi noir ait choisi son aile.,Développer ...e5 avec tempo si possible et garder le roi flexible.,Ne réponds pas à h4 par h5 : réponds par le centre.,5,5,5,5,5.0,A,0,À MESURER — aucune fréquence ou probabilité Maia/Lichess revendiquée
JOB-11,Jobava,4.Bxb8 : reprendre avec la tour,Club,structure,1. d4 d5 2. Nc3 Nf6 3. Bf4 c5 4. Bxb8 Rxb8,Accepter une structure inhabituelle pour activer la tour sur la colonne b.,Les Blancs pensent abîmer la coordination noire en échangeant le fou contre le cavalier.,"Jouer ...a6, ...e6 et utiliser b2 comme cible de long terme.",Une tour développée gratuitement peut valoir plus que le droit de roquer côté dame.,4,3,4,5,4.0,A,0,À MESURER — aucune fréquence ou probabilité Maia/Lichess revendiquée
JOB-12,Jobava,4.Nb1 : la pression ...Qb6,Club,pratique,1. d4 d5 2. Nc3 Nf6 3. Bf4 c5 4. Nb1 Qb6,Punir le retrait du cavalier par une double attaque sur b2 et d4.,"Le cavalier recule pour éviter les tactiques, mais le développement blanc recommence à zéro.",Prendre b2 si les cases de sortie sont claires ; sinon développer ...Nc6.,Un retrait au premier rang autorise la dame à entrer.,5,5,4,4,4.5,A,5,À MESURER — aucune fréquence ou probabilité Maia/Lichess revendiquée
JOB-13,Jobava,Le double motif : clouage puis ...Qa5+,Avancé,critique,1. d4 d5 2. Nc3 Nf6 3. Bf4 c5 4. e3 Bg4 5. Be2 Bxe2 6. Ngxe2 Nc6 7. Nb5 Qa5+,Retirer le défenseur du centre avant d’utiliser l’échec a5.,"Les Blancs retrouvent Nb5, mais leur coordination a changé après l’échange en e2.",Calculer cxd4 et e5 ; ne pas défendre c7 passivement.,Le motif ...Qa5+ reste vivant tant que Nc3 ne peut interposer.,4,5,3,5,4.25,A,0,À MESURER — aucune fréquence ou probabilité Maia/Lichess revendiquée
JOB-14,Jobava,Le plan complet après 4.dxc5 d4,Avancé,structure,1. d4 d5 2. Nc3 Nf6 3. Bf4 c5 4. dxc5 d4 5. Nb1 e5 6. Bxe5 Nc6,Sacrifier temporairement un pion central pour gagner développement et activité.,Les Blancs voient un deuxième pion à prendre mais leur fou devient une cible de tempo.,"Développer ...Qa5+, ...Bxc5 et récupérer le matériel avec initiative.","Après d4 et Nb1, chaque prise blanche doit être payée par un tempo noir.",5,5,3,5,4.5,A,1,À MESURER — aucune fréquence ou probabilité Maia/Lichess revendiquée
COL-01,Colle et Zukertort,3.e3 : sortir le fou avec ...Bf5,Essentiel,critique,1. d4 d5 2. Nf3 Nf6 3. e3 Bf5 4. Bd3 e6,Développer le fou c8 avant de fermer sa diagonale.,Le Colle compte sur un Noir qui joue automatiquement ...e6 puis subit e4.,"Après Bxf5 exf5, utiliser la colonne e et contrôler e4.","Contre le Colle, le fou c8 sort avant le pion e.",3,3,5,5,4.0,A,21,À MESURER — aucune fréquence ou probabilité Maia/Lichess revendiquée
COL-02,Colle et Zukertort,Éviter l’échange : ...Bg6,Club,structure,1. d4 d5 2. Nf3 Nf6 3. e3 Bf5 4. Bd3 Bg6,Conserver le fou tout en invitant Bxg6 et une colonne h utile.,Les Blancs pensent gagner la paire de fous ; la reprise h ouvre souvent une tour.,"Jouer ...e6, ...c6 et développer sans craindre e4.","L’échange en g6 ouvre une colonne, il ne crée pas automatiquement une faiblesse.",2,2,5,5,3.5,A,21,À MESURER — aucune fréquence ou probabilité Maia/Lichess revendiquée
COL-03,Colle et Zukertort,4.c4 : structure solide avec ...c6,Club,critique,1. d4 d5 2. Nf3 Nf6 3. e3 Bf5 4. c4 c6,Transposer vers une structure slave saine où le fou est déjà bien placé.,"c4 veut sortir du Colle, mais les Noirs obtiennent une version confortable.","Jouer ...e6, ...Nbd7 et choisir ...Bd6 ou ...Be7.","Quand le Colle devient un gambit dame, garde le meilleur fou slave.",2,2,5,5,3.5,A,21,À MESURER — aucune fréquence ou probabilité Maia/Lichess revendiquée
COL-04,Colle et Zukertort,4.b3 : ...e6 et ...c5,Essentiel,structure,1. d4 d5 2. Nf3 Nf6 3. e3 Bf5 4. b3 e6,Neutraliser le fou b2 par une chaîne centrale saine.,Le Zukertort vise une attaque lente sur le roi ; il faut prendre de l’espace avant qu’elle ne commence.,"Jouer ...c5, ...Nc6 et ...Bd6 ; échanger le fou d3 si utile.","Contre Bb2, occupe d5 et frappe c/e avant l’attaque de roi.",2,3,5,5,3.75,A,21,À MESURER — aucune fréquence ou probabilité Maia/Lichess revendiquée
COL-05,Colle et Zukertort,4.Nbd2 : le plan naturel ...e6,Essentiel,critique,1. d4 d5 2. Nf3 Nf6 3. e3 Bf5 4. Nbd2 e6,Finir le développement sans offrir l’e4 gratuit.,"Nbd2 prépare e4, mais le fou f5 contrôle déjà e4.","Jouer ...c5, ...Bd6 et roquer ; échanger en d3 si l’attaque se forme.",Le meilleur antidote à e4 est un fou déjà en f5.,2,3,5,5,3.75,A,21,À MESURER — aucune fréquence ou probabilité Maia/Lichess revendiquée
COL-06,Colle et Zukertort,4.Be2 : développement sans concession,Essentiel,structure,1. d4 d5 2. Nf3 Nf6 3. e3 Bf5 4. Be2 e6,Obtenir une position saine où le plan blanc manque de mordant.,Be2 évite l’échange de fous mais réduit la pression sur h7.,"Jouer ...c6 ou ...c5 selon c4, puis ...Nbd7.","Sans fou en d3, le Colle perd son attaque standard.",1,2,5,5,3.25,A,21,À MESURER — aucune fréquence ou probabilité Maia/Lichess revendiquée
COL-07,Colle et Zukertort,4.c3 : ...Nbd7 et contrôle de e5,Essentiel,structure,1. d4 d5 2. Nf3 Nf6 3. e3 Bf5 4. c3 Nbd7,Développer vers le contrôle des cases e5 et c5.,"c3 annonce e4, mais enferme aussi le cavalier b1.","Jouer ...e6, ...Bd6 et ...O-O ; frapper par ...c5 au bon moment.",Le triangle blanc ne fonctionne pas si e4 est contrôlé deux fois.,2,3,5,5,3.75,A,21,À MESURER — aucune fréquence ou probabilité Maia/Lichess revendiquée
COL-08,Colle et Zukertort,4.Nh4 : conserver le fou par ...Bg4,Club,pratique,1. d4 d5 2. Nf3 Nf6 3. e3 Bf5 4. Nh4 Bg4,Déplacer le fou avec tempo sur la dame et provoquer f3/h3.,Nh4 veut gagner la paire de fous mais éloigne le cavalier du centre.,"Après f3, jouer ...Bd7 ou ...Bh5 ; cibler e3 et e4.",Le cavalier chasse le fou et quitte f3 : utilise le clouage avant de reculer.,3,4,4,4,3.75,A,21,À MESURER — aucune fréquence ou probabilité Maia/Lichess revendiquée
COL-09,Colle et Zukertort,"4.Nc3 : ...c6, puis ...e6",Club,critique,1. d4 d5 2. Nf3 Nf6 3. e3 Bf5 4. Nc3 c6,Retirer les tactiques Nb5 et stabiliser d5 avant ...e6.,"Nc3 accélère e4 mais bloque le pion c, ce qui rend le centre plus prévisible.","Jouer ...e6, ...Nbd7 et ...Bd6.","Nc3 rend e4 plus rapide, mais c4 plus difficile.",2,3,5,5,3.75,A,21,À MESURER — aucune fréquence ou probabilité Maia/Lichess revendiquée
COL-10,Colle et Zukertort,Zukertort : frapper par ...c5,Essentiel,critique,1. d4 d5 2. Nf3 Nf6 3. e3 e6 4. b3 c5 5. Bb2 Nc6,Occuper l’espace avant que Bb2 et Bd3 ne construisent une attaque.,Le plan blanc est lent et suppose une position fermée.,"Jouer ...Bd6, ...O-O et parfois ...cxd4 pour isoler d4.",Le Zukertort aime le temps : enlève-lui du temps avec ...c5.,3,3,5,5,4.0,A,1,À MESURER — aucune fréquence ou probabilité Maia/Lichess revendiquée
COL-11,Colle et Zukertort,Zukertort avec c4 : isoler d4,Club,structure,1. d4 d5 2. Nf3 Nf6 3. e3 e6 4. b3 c5 5. c4 cxd4 6. exd4 Bb4+,Créer une cible centrale et gagner un tempo de développement.,"c4 cherche une structure anglaise, mais la reprise exd4 peut isoler le pion d.","Échanger en d4, jouer ...Bb4+ et roquer.","Quand b3 et c4 sont joués, demande quel pion devra reprendre en d4.",3,4,4,5,4.0,A,1,À MESURER — aucune fréquence ou probabilité Maia/Lichess revendiquée
COL-12,Colle et Zukertort,Zukertort calme : clarifier au centre,Club,critique,1. d4 d5 2. Nf3 Nf6 3. e3 e6 4. b3 c5 5. Be2 cxd4 6. exd4 Bd6,Réduire l’attaque blanche en échangeant le centre et le fou d3 potentiel.,Be2 garde la position flexible mais ne crée aucune menace immédiate.,"Développer ...O-O, ...Nc6 et utiliser e4 comme avant-poste.","Sans attaque directe, simplifie le centre avant que le plan ne mûrisse.",2,2,5,5,3.5,A,1,À MESURER — aucune fréquence ou probabilité Maia/Lichess revendiquée
TOR-01,Torre,3...Ne4! : occuper la case que le fou a quittée,Essentiel,critique,1. d4 d5 2. Nf3 Nf6 3. Bg5 Ne4 4. Bf4 c5,Utiliser e4 comme avant-poste et attaquer le centre immédiatement.,Le fou g5 cherche un clouage confortable ; ...Ne4 refuse ce scénario.,"Jouer ...Nc6, ...Qb6 et parfois ...cxd4.",Le fou quitte c1 ; le cavalier prend e4.,4,4,5,5,4.5,A,11,À MESURER — aucune fréquence ou probabilité Maia/Lichess revendiquée
TOR-02,Torre,4.Bh4 : le coup machine ...h5!,Club,pratique,1. d4 d5 2. Nf3 Nf6 3. Bg5 Ne4 4. Bh4 h5,Restreindre le fou et préparer ...f6-g5 sans craindre une attaque de roi immédiate.,Bh4 applique une règle de conservation du fou mais lui retire ses cases.,"Après e3, jouer ...f6 ; si Nfd2, échanger ou gagner de l’espace.",Le but de ...h5 n’est pas d’attaquer : c’est de fermer la porte h2.,5,5,4,4,4.5,A,11,À MESURER — aucune fréquence ou probabilité Maia/Lichess revendiquée
TOR-03,Torre,4.Be3 : développement actif ...Bf5,Essentiel,structure,1. d4 d5 2. Nf3 Nf6 3. Bg5 Ne4 4. Be3 Bf5,Profiter du retrait passif du fou pour développer sans concession.,Be3 protège le fou mais bloque e3 et gêne le plan normal blanc.,"Jouer ...e6, ...Nd7 et échanger en e4 si cela simplifie.",Un fou défensif en e3 donne un tempo au fou c8.,2,2,5,5,3.5,A,11,À MESURER — aucune fréquence ou probabilité Maia/Lichess revendiquée
TOR-04,Torre,4.Bd2 : ...c5 et pression centrale,Essentiel,critique,1. d4 d5 2. Nf3 Nf6 3. Bg5 Ne4 4. Bd2 c5,Punir un retrait qui ne développe aucune nouvelle pièce.,Bd2 maintient le fou mais laisse d4 sans renfort supplémentaire.,Jouer ...Nc6 et ...cxd4 ; utiliser ...Qb6 si b2 est vulnérable.,Chaque retrait du même fou autorise une rupture.,3,3,5,5,4.0,A,11,À MESURER — aucune fréquence ou probabilité Maia/Lichess revendiquée
TOR-05,Torre,4.h4 : ignorer l’intimidation,Club,pratique,1. d4 d5 2. Nf3 Nf6 3. Bg5 Ne4 4. h4 c5,Répondre sur le centre plutôt que copier une poussée d’aile.,"h4 cherche à punir ...Nxg5 ou ...f6, mais le roi blanc n’est pas développé.","Jouer ...Qb6, ...Nc6 et laisser les Blancs justifier h4.","Contre h4, ne joue pas h5 par réflexe : joue ...c5.",4,4,5,5,4.5,A,11,À MESURER — aucune fréquence ou probabilité Maia/Lichess revendiquée
TOR-06,Torre,4.Nbd2 : prendre le fou,Essentiel,pratique,1. d4 d5 2. Nf3 Nf6 3. Bg5 Ne4 4. Nbd2 Nxg5 5. Nxg5 e5,Échanger la pièce active puis gagner le centre avec tempo.,Nbd2 suppose que le cavalier e4 doit reculer ; il oublie l’échange favorable.,"Après ...e5, développer ...Nc6 et viser d4.","Quand le cavalier d2 reprend en g5, le centre e5 devient libre.",5,5,5,5,5.0,A,0,À MESURER — aucune fréquence ou probabilité Maia/Lichess revendiquée
TOR-07,Torre,4.c4 : éliminer le fou puis jouer ...e5,Club,critique,1. d4 d5 2. Nf3 Nf6 3. Bg5 Ne4 4. c4 Nxg5 5. Nxg5 e5,Utiliser l’absence du fou pour occuper e5 et attaquer g5/d4.,"c4 croit profiter du cavalier central, mais la séquence d’échanges favorise le centre noir.",Développer ...Nc6 et calculer ...exd4.,"Après Nxg5, le cavalier blanc devient la cible de ...e5.",4,4,4,5,4.25,A,0,À MESURER — aucune fréquence ou probabilité Maia/Lichess revendiquée
TOR-08,Torre,4.e3 : le coup concret ...f6,Club,pratique,1. d4 d5 2. Nf3 Nf6 3. Bg5 Ne4 4. e3 f6,Chasser le fou et préparer e5 dans un centre fermé.,e3 consolide d4 mais enferme le fou c1 ; le roi blanc ne peut exploiter la poussée f.,"Après Bf4, jouer ...c5 ; après Bh4, g5 peut gagner le fou.",La poussée ...f6 est saine quand elle gagne un tempo et prépare ...e5.,5,5,4,4,4.5,A,11,À MESURER — aucune fréquence ou probabilité Maia/Lichess revendiquée
TOR-09,Torre,Bh4-h5-f6 : échanger puis enfermer,Avancé,structure,1. d4 d5 2. Nf3 Nf6 3. Bg5 Ne4 4. Bh4 h5 5. e3 f6 6. Nfd2 Nxd2 7. Nxd2 g5,"Échanger le cavalier qui pourrait défendre le fou, puis construire une cage de pions.",Les Blancs jouent des coups “sûrs” ; l’échange en d2 retire un défenseur et rend la restriction du fou plus concrète.,"Après ...g5, choisir entre gagner le fou, ouvrir la colonne h ou consolider avec ...e6.","Échange d’abord le bon défenseur, puis compte les cases du fou.",5,5,3,5,4.5,A,0,À MESURER — aucune fréquence ou probabilité Maia/Lichess revendiquée
TOR-10,Torre,Bf4 puis ...Qb6 : double pression,Avancé,critique,1. d4 d5 2. Nf3 Nf6 3. Bg5 Ne4 4. Bf4 c5 5. e3 Qb6,Combiner l’avant-poste e4 avec la cible b2.,Les Blancs ont replacé le fou comme au Londres mais ont perdu un tempo.,Jouer ...Nc6 et prendre b2 si la dame dispose d’une sortie.,Une Torre qui recule en f4 est un Londres avec un tempo de moins.,5,5,4,5,4.75,A,3,À MESURER — aucune fréquence ou probabilité Maia/Lichess revendiquée
VER-01,Veresov et pseudo-Trompowsky,3...c5 : attaquer d4 immédiatement,Essentiel,critique,1. d4 d5 2. Nc3 Nf6 3. Bg5 c5 4. e3 e6,Refuser une position fermée et préparer ...Nc6.,Le Veresov veut e4 sans rencontrer de tension centrale.,"Développer ...Nc6, ...Be7 et décider entre ...cxd4 et ...Be7.","Contre Nc3+Bg5, la réponse est ...c5 avant e4.",3,3,5,5,4.0,A,0,À MESURER — aucune fréquence ou probabilité Maia/Lichess revendiquée
VER-02,Veresov et pseudo-Trompowsky,4.e4 : le centre tactique ...Nxe4,Club,critique,1. d4 d5 2. Nc3 Nf6 3. Bg5 c5 4. e4 Nxe4 5. Nxe4 dxe4,Montrer que le centre blanc ne tient pas concrètement.,e4 est le rêve du Veresov ; il est joué parfois sans vérifier d4.,"Après dxc5, jouer ...Qa5+ et récupérer.",Le rêve e4 devient une cible quand d4 doit reprendre.,4,4,4,5,4.25,A,0,À MESURER — aucune fréquence ou probabilité Maia/Lichess revendiquée
VER-03,Veresov et pseudo-Trompowsky,4.dxc5 : encore ...d4!,Essentiel,pratique,1. d4 d5 2. Nc3 Nf6 3. Bg5 c5 4. dxc5 d4,Utiliser le même pattern que contre le Jobava.,Les Blancs prennent sur c5 en s’attendant à ...e6.,"Chasser le cavalier, jouer ...e5 et récupérer c5 plus tard.",Nc3 + prise en c5 = vérifie toujours ...d4.,5,5,5,5,5.0,A,0,À MESURER — aucune fréquence ou probabilité Maia/Lichess revendiquée
VER-04,Veresov et pseudo-Trompowsky,4.Nf3 : l’avant-poste ...Ne4,Club,pratique,1. d4 d5 2. Nc3 Nf6 3. Bg5 c5 4. Nf3 Ne4,Profiter du clouage imparfait pour centraliser.,"Nf3 cherche une transposition paisible, mais e4 est disponible.",Échanger le fou ou augmenter la pression avec ...Nc6.,Le fou g5 ne cloue rien si le roi peut rester flexible.,4,4,5,5,4.5,A,0,À MESURER — aucune fréquence ou probabilité Maia/Lichess revendiquée
VER-05,Veresov et pseudo-Trompowsky,4.Bxf6 : reprendre du pion g,Club,structure,1. d4 d5 2. Nc3 Nf6 3. Bg5 c5 4. Bxf6 gxf6,Accepter la structure pour obtenir la colonne g et un centre mobile.,Les Blancs appliquent la règle “abîmer les pions du roque” sans regarder que le roi noir peut roquer long ou rester au centre.,"Jouer ...cxd4, ...e6 et utiliser la paire de fous.",Les pions doublés g contrôlent e5 et ouvrent la colonne g.,5,4,3,5,4.25,A,0,À MESURER — aucune fréquence ou probabilité Maia/Lichess revendiquée
VER-06,Veresov et pseudo-Trompowsky,4.Qd2 : clarifier d4,Club,critique,1. d4 d5 2. Nc3 Nf6 3. Bg5 c5 4. Qd2 cxd4 5. Qxd4 Nc6,Gagner un tempo de développement sur la dame.,Qd2 prépare le grand roque mais devient exposée après l’ouverture du centre.,Développer ...e5 ou ...Bf5 selon la case de la dame.,Grand roque annoncé = ouvre le centre avec tempo.,4,4,5,5,4.5,A,9,À MESURER — aucune fréquence ou probabilité Maia/Lichess revendiquée
VER-07,Veresov et pseudo-Trompowsky,4.a3 : développement avant tout,Essentiel,structure,1. d4 d5 2. Nc3 Nf6 3. Bg5 c5 4. a3 Nc6,Ne pas réagir à un coup lent ; développer et augmenter la pression.,a3 veut préparer e4/b4 mais ne résout pas la tension d4.,"Après e4, calculer cxd4 ou dxe4.",Un tempo d’aile autorise une pièce de plus au centre.,3,3,5,5,4.0,A,4,À MESURER — aucune fréquence ou probabilité Maia/Lichess revendiquée
VER-08,Veresov et pseudo-Trompowsky,4.f3 : ouvrir avant e4,Essentiel,pratique,1. d4 d5 2. Nc3 Nf6 3. Bg5 c5 4. f3 cxd4 5. Qxd4 Nc6,Attaquer la dame et le centre avant que f3-e4 ne fonctionne.,f3 affaiblit les diagonales et retarde le cavalier g1.,Développer ...e5 avec tempo et garder le roi flexible.,Comme au Jobava : f3 appelle ...cxd4.,5,5,5,5,5.0,A,0,À MESURER — aucune fréquence ou probabilité Maia/Lichess revendiquée
PST-01,Veresov et pseudo-Trompowsky,2.Bg5 : demander au fou avec ...h6,Essentiel,critique,1. d4 d5 2. Bg5 h6 3. Bh4 c5,Obtenir un tempo utile avant de frapper le centre.,Le pseudo-Trompowsky mise sur un Noir qui développe Nf6 automatiquement.,"Jouer ...cxd4, ...Nc6 et ...Qb6.","Avant de jouer ...Nf6, demande au fou où il veut vivre.",4,4,5,5,4.5,A,23,À MESURER — aucune fréquence ou probabilité Maia/Lichess revendiquée
PST-02,Veresov et pseudo-Trompowsky,3.Bf4 : ...c5 et gain de temps,Essentiel,structure,1. d4 d5 2. Bg5 h6 3. Bf4 c5,Transformer le pseudo-Trompowsky en Londres avec un tempo blanc perdu.,Le fou a déjà joué deux fois et le centre blanc n’est pas stabilisé.,Jouer ...Nc6 et ...cxd4 ou ...Qb6.,"Fou g5-f4 = Londres, mais les Noirs ont gagné h6 gratuitement.",3,3,5,5,4.0,A,23,À MESURER — aucune fréquence ou probabilité Maia/Lichess revendiquée
PST-03,Veresov et pseudo-Trompowsky,3.Be3 : ...c5 et pression simple,Club,pratique,1. d4 d5 2. Bg5 h6 3. Be3 c5,Punir le placement passif du fou par une occupation centrale.,Be3 évite les tempos mais bloque e3 et la dame.,"Jouer ...Nc6, ...Nf6 et ...Qb6.",Le fou sauvé en e3 bloque le développement qu’il voulait faciliter.,4,4,5,5,4.5,A,23,À MESURER — aucune fréquence ou probabilité Maia/Lichess revendiquée
PST-04,Veresov et pseudo-Trompowsky,3.Bxh6? : accepter le sacrifice,Essentiel,pratique,1. d4 d5 2. Bg5 h6 3. Bxh6 Rxh6,Reconnaître un sacrifice visuellement tentant mais insuffisant.,Le joueur pense empêcher le roque et gagner deux pions pour le fou.,"Développer ...Nf6, ...c5 et utiliser la tour active h6.",Deux pions ne valent pas un fou ; la tour h6 peut rentrer par h8.,5,5,5,4,4.75,A,23,À MESURER — aucune fréquence ou probabilité Maia/Lichess revendiquée
STO-01,Stonewall et gambits,Stonewall : fermer par ...c4!,Essentiel,pratique,1. d4 d5 2. e3 Nf6 3. Bd3 c5 4. f4 c4 5. Be2 Bf5,Fixer le fou d3 hors de sa diagonale d’attaque et gagner de l’espace.,Le Stonewall veut Bxh7+ ou e4 ; ...c4 coupe le fou et empêche la rupture facile.,"Jouer ...e6, ...Nc6 et développer l’aile-dame par ...b5.",Fou d3 + f4 = ferme le centre par ...c4.,5,5,5,5,5.0,A,6,À MESURER — aucune fréquence ou probabilité Maia/Lichess revendiquée
STO-02,Stonewall et gambits,Le fou recule en f1 : développement gratuit,Club,pratique,1. d4 d5 2. e3 Nf6 3. Bd3 c5 4. f4 c4 5. Bf1 Bf5,Faire payer le recul complet du fou par un avantage de développement.,Les Blancs veulent préserver leur “bon” fou mais recommencent leur développement.,"Jouer ...e6, ...Nc6 et ...b5 ; viser e4.","Quand le fou retourne chez lui, développe une pièce avec tempo de fait.",4,4,5,5,4.5,A,6,À MESURER — aucune fréquence ou probabilité Maia/Lichess revendiquée
STO-03,Stonewall et gambits,Ordre c3-f4 : clouage ...Bg4,Club,critique,1. d4 d5 2. e3 Nf6 3. Bd3 c5 4. c3 Nc6 5. f4 Bg4,Empêcher e4 par pression sur d1/f3 et terminer le développement.,L’ordre c3 évite ...c4 immédiat mais rend le cavalier b1 passif.,"Jouer ...e6, ...Bd6 et roquer.","Si ...c4 n’est plus possible, empêche e4 par un clouage.",3,4,5,5,4.25,A,0,À MESURER — aucune fréquence ou probabilité Maia/Lichess revendiquée
STO-04,Stonewall et gambits,"Même structure, autre développement : ...Nc6",Essentiel,structure,1. d4 d5 2. e3 Nf6 3. Bd3 c5 4. f4 c4 5. Be2 Nc6,Développer derrière la chaîne et préparer ...Bf5 ou ...e5.,Les Blancs ont une structure fixe mais peu de ruptures immédiates.,Utiliser ...b5-b4 et surveiller e5.,"Après ...c4, l’aile-dame est ton terrain de jeu.",2,3,5,5,3.75,A,8,À MESURER — aucune fréquence ou probabilité Maia/Lichess revendiquée
STO-05,Stonewall et gambits,2.f4 : frapper par ...c5,Club,critique,1. d4 d5 2. f4 c5 3. e3 Nc6 4. Nf3 Bf5,Empêcher la construction tranquille du Stonewall dès le deuxième coup.,f4 annonce le plan avant que les pièces soient développées.,"Jouer ...e6, ...Nf6 et viser Nb4/d3.","Quand le plan est annoncé tôt, frappe la base d4 tôt.",3,4,5,5,4.25,A,3,À MESURER — aucune fréquence ou probabilité Maia/Lichess revendiquée
BDG-01,Stonewall et gambits,Blackmar-Diemer : accepter avec ...exf3,Essentiel,critique,1. d4 d5 2. e4 dxe4 3. Nc3 Nf6 4. f3 exf3 5. Nxf3 Bf5,Accepter le pion puis développer le fou avant ...e6.,Le gambit compte sur un Noir qui défend passivement son pion supplémentaire.,"Développer ...e6, ...Be7 et roquer ; rendre le pion seulement pour simplifier.","Accepte, développe, roque — ne protège pas le pion avec des contorsions.",4,4,5,5,4.5,A,10,À MESURER — aucune fréquence ou probabilité Maia/Lichess revendiquée
BDG-02,Stonewall et gambits,Développement fianchetto : ...g6,Club,structure,1. d4 d5 2. e4 dxe4 3. Nc3 Nf6 4. f3 exf3 5. Nxf3 g6,Neutraliser les diagonales d3-h7 et c4-f7 par un fianchetto.,Les Blancs attendent ...e6 et une cible sur f7.,"Jouer ...Bg7, ...O-O et ...c5.",Le fianchetto enlève les deux cibles classiques du gambit.,3,3,5,5,4.0,A,0,À MESURER — aucune fréquence ou probabilité Maia/Lichess revendiquée
BDG-03,Stonewall et gambits,5.Qxf3? : la dame noire prend d4,Essentiel,pratique,1. d4 d5 2. e4 dxe4 3. Nc3 Nf6 4. f3 exf3 5. Qxf3 Qxd4,Punir la sortie précoce de la dame par un second gain de pion tactiquement sain.,Qxf3 crée une batterie visuelle mais abandonne d4.,"Après Be3, déplacer la dame avec gain ou échanger en f3 si possible.",La dame sur f3 attaque f7 et cesse de défendre d4.,5,5,4,4,4.5,A,0,À MESURER — aucune fréquence ou probabilité Maia/Lichess revendiquée
BDG-04,Stonewall et gambits,6.Bc4 : consolider avec ...e6,Club,critique,1. d4 d5 2. e4 dxe4 3. Nc3 Nf6 4. f3 exf3 5. Nxf3 Bf5 6. Bc4 e6,Fermer f7 et préparer ...Bd6 ou ...Be7.,Bc4 est la pression la plus naturelle du gambit.,"Roquer, puis jouer ...c6 ou ...Nbd7 ; échanger les pièces attaquantes.","Contre une attaque de gambit, le développement défend mieux que les pions.",2,3,5,5,3.75,A,10,À MESURER — aucune fréquence ou probabilité Maia/Lichess revendiquée
BDG-05,Stonewall et gambits,6.Bg5 : le frein ...c6,Avancé,critique,1. d4 d5 2. e4 dxe4 3. Nc3 Nf6 4. f3 exf3 5. Nxf3 Bf5 6. Bg5 c6,Retirer les sauts Nd5 et préparer ...Nbd7 sans créer de faiblesse.,Bg5 vise à empêcher le développement naturel et à lancer Qe2.,"Jouer ...Nbd7, ...e6 et ...Be7 ; simplifier le fou g5.",Le petit coup ...c6 retire les cases qui donnent du rythme à l’attaque.,2,3,4,5,3.5,A,10,À MESURER — aucune fréquence ou probabilité Maia/Lichess revendiquée
