line_id,elo,missing_side,top1_left,top1_right,top1_agreement,top3_overlap,top10_intersection,probability_correlation,mean_absolute_difference,max_absolute_difference,top1_changed,illegal_moves,fen_mismatch
BDG-01,1100,,f1c4,f1c4,True,True,10,0.9999769843533821,0.00040629897266627503,0.001382976770401001,False,,False
BDG-01,1300,,f1c4,f1c4,True,True,10,0.9999492315634303,0.0006168598309159088,0.0023092031478881836,False,,False
BDG-01,1500,,f1c4,f1c4,True,True,10,0.9999980774304835,0.00021449234336614158,0.0005809888243674954,False,,False
BDG-01,1700,,f1c4,f1c4,True,True,10,0.9999789167632158,0.0006090570241212689,0.0027302205562590998,False,,False
BDG-01,1900,,f1c4,f1c4,True,True,10,0.9999997037764842,0.00012246733531354035,0.0002719089388847004,False,,False
BDG-01,2100,,f1c4,f1c4,True,True,10,0.9999977547106556,0.0003490030765533524,0.0014289617538452148,False,,False
COL-01,1100,,d3f5,d3f5,True,True,10,0.9999937459310992,0.00042994963005185476,0.0013230741024017334,False,,False
COL-01,1300,,d3f5,d3f5,True,True,10,0.999993703287771,0.0004095770418643995,0.001200929284095792,False,,False
COL-01,1500,,d3f5,d3f5,True,True,10,0.9999993742035584,0.0002230993472039611,0.0007483959197998047,False,,False
COL-01,1700,,d3f5,d3f5,True,True,10,0.9999994386557054,0.00011455575004218465,0.0003960765898226998,False,,False
COL-01,1900,,d3f5,d3f5,True,True,10,0.9999965104021449,0.000324951065704236,0.0013949275016784668,False,,False
COL-01,2100,,d3f5,d3f5,True,True,10,0.9999843486533242,0.00046853651292623174,0.001984149217605591,False,,False
COL-10,1100,,b1d2,b1d2,True,True,10,0.9999350046084691,0.0005552355200052217,0.0016521811485289972,False,,False
COL-10,1300,,b1d2,b1d2,True,True,10,0.9999678717374422,0.00048727169632911476,0.0016848891973495067,False,,False
COL-10,1500,,b1d2,b1d2,True,True,10,0.9999752674781602,0.0003815498203039357,0.0015109032392502109,False,,False
COL-10,1700,,b1d2,b1d2,True,True,10,0.9999988155488386,0.0001999863889068431,0.0005711019039154053,False,,False
COL-10,1900,,b1d2,b1d2,True,True,10,0.9999885977008811,0.0003602601587772296,0.0013045072555541992,False,,False
COL-10,2100,,b1d2,b1d2,True,True,10,0.9999996779027355,9.370199404657074e-05,0.00020968914031982422,False,,False
JOB-03,1100,,c3b5,c3b5,True,True,10,0.9999998583206002,0.00011452665785326563,0.00040602684020996094,False,,False
JOB-03,1300,,c3b5,c3b5,True,True,10,0.9999993895889382,0.00022624061675742164,0.0010123848915100098,False,,False
JOB-03,1500,,c3b5,c3b5,True,True,10,0.9999973369906875,0.0003208411508239734,0.0015451908111572266,False,,False
JOB-03,1700,,c3b5,c3b5,True,True,10,0.9999947367814982,0.00031001688912510214,0.0014471560716629028,False,,False
JOB-03,1900,,c3b1,c3b1,True,True,10,0.9999981066646987,0.0001745020272210066,0.0008115768432617188,False,,False
JOB-03,2100,,c3b1,c3b1,True,True,10,0.9999903051432661,0.0004642658866941881,0.0016994774341582974,False,,False
JOB-04,1100,,b5c3,b5c3,True,True,5,0.9999971010262136,0.0008506657555699078,0.0021266937255859375,False,,False
JOB-04,1300,,b5c3,b5c3,True,True,5,0.999999961367328,0.00025437744334340216,0.0006360411643984154,False,,False
JOB-04,1500,,b5c3,b5c3,True,True,5,0.9999999834194,6.440193392340826e-05,0.0001557655632496019,False,,False
JOB-04,1700,,b5c3,b5c3,True,True,5,0.9999999725009548,9.52633097768162e-05,0.00023424625396728516,False,,False
JOB-04,1900,,b5c3,b5c3,True,True,5,0.9999996441484075,0.0003044236218556884,0.0007579922676086426,False,,False
JOB-04,2100,,b5c3,b5c3,True,True,5,0.9999999775107802,6.034197285769093e-05,0.00015000998973840884,False,,False
JOB-06,1100,,d4a4,d4a4,True,True,10,0.9999929788456339,0.00033405125141143505,0.0007427111268043102,False,,False
JOB-06,1300,,d4d2,d4d2,True,True,10,0.9999798755720936,0.0004899303428828685,0.0021590590476989746,False,,False
JOB-06,1500,,d4d2,d4d2,True,True,10,0.9999897279314611,0.00040016877464950416,0.001766741275787409,False,,False
JOB-06,1700,,d4d2,d4d2,True,True,10,0.9999908347764888,0.00034747456666081345,0.0016504228115082342,False,,False
JOB-06,1900,,d4d2,d4d2,True,True,10,0.9999896450943362,0.0003887821803800874,0.0018477588891983032,False,,False
JOB-06,2100,,d4d2,d4d2,True,True,10,0.9999964406791885,0.00027720597572624355,0.0010948777198791504,False,,False
JOB-09,1100,,d4d1,d4d1,True,True,10,0.9999706633698304,0.00048228102969005693,0.0019977390766144076,False,,False
JOB-09,1300,,d4d1,d4d1,True,True,10,0.9999936112644137,0.0002784567244816721,0.001177370548248291,False,,False
JOB-09,1500,,d4d1,d4d1,True,True,10,0.999991073869459,0.0003426742681767673,0.0015824735164642056,False,,False
JOB-09,1700,,d4d1,d4d1,True,True,10,0.9999936548621221,0.000308404007228101,0.0015514791011810858,False,,False
JOB-09,1900,,d4d1,d4d1,True,True,10,0.9999949238775702,0.00027955257392023883,0.0013997852802277166,False,,False
JOB-09,2100,,d4d2,d4d2,True,True,10,0.9999790152952068,0.0005558479198953358,0.002746045589446966,False,,False
JOB-10,1100,,d4a4,d4a4,True,True,10,0.9999916909973399,0.0002927102614194099,0.0010858029127120972,False,,False
JOB-10,1300,,d4d2,d4d2,True,True,10,0.999987145246417,0.00039753200253474306,0.001517713069915827,False,,False
JOB-10,1500,,d4d2,d4d2,True,True,10,0.9999849149258917,0.0004075675853528111,0.0018513798713683804,False,,False
JOB-10,1700,,d4d2,d4d2,True,True,10,0.9999731515096687,0.0005809032474644213,0.002389073371887207,False,,False
JOB-10,1900,,d4d2,d4d2,True,True,10,0.9999766525014517,0.0005456339800730248,0.002704769372940008,False,,False
JOB-10,2100,,d4d2,d4d2,True,True,10,0.9999951678519688,0.0002397015865426391,0.0011150091886520108,False,,False
JOB-11,1100,,d4c5,d4c5,True,True,10,0.999999794757339,0.00011007225839418612,0.00042706727981567383,False,,False
JOB-11,1300,,d4c5,d4c5,True,True,10,0.9999985510789082,0.0002808490768074894,0.0013813376426696777,False,,False
JOB-11,1500,,d4c5,d4c5,True,True,10,0.9999889510104861,0.0005433613667264606,0.0027039647102355957,False,,False
JOB-11,1700,,d4c5,d4c5,True,True,10,0.9999936805472697,0.00036054123193025834,0.0016252994537353516,False,,False
JOB-11,1900,,d4c5,d4c5,True,True,10,0.9999989017085578,0.00017092349007727235,0.0008547902107239325,False,,False
JOB-11,2100,,e2e3,e2e3,True,True,10,0.9999970609785455,0.00023210807703433163,0.0010733008384704035,False,,False
JOB-12,1100,,b2b3,b2b3,True,True,10,0.9999334084754419,0.0009477436542510865,0.004822909832000677,False,,False
JOB-12,1300,,b2b3,b2b3,True,True,10,0.9999850455578334,0.0004968974739313105,0.0023326873779296875,False,,False
JOB-12,1500,,b2b3,b2b3,True,True,10,0.9999937113115317,0.00027893679216504095,0.0008033737540244987,False,,False
JOB-12,1700,,b2b3,b2b3,True,True,10,0.9999957476578619,0.0003108805976808073,0.0008216500282288014,False,,False
JOB-12,1900,,d4c5,d4c5,True,True,10,0.9999951511935624,0.0005766343325376334,0.0016175210475922186,False,,False
JOB-12,2100,,d4c5,d4c5,True,True,10,0.9999863318697284,0.0005206489935517275,0.0017881095409392755,False,,False
JOB-13,1100,,e2c3,e2c3,True,True,6,0.9999742562011995,0.0009198380478968159,0.0026882588863372803,False,,False
JOB-13,1300,,e2c3,e2c3,True,True,6,0.9999946305070712,0.0004385617406417793,0.001274198293685913,False,,False
JOB-13,1500,,e2c3,e2c3,True,True,6,0.999998674667196,0.0002228013884935842,0.0006670355796813965,False,,False
JOB-13,1700,,e2c3,e2c3,True,True,6,0.9999967225188091,0.0003755687139346036,0.00112152099609375,False,,False
JOB-13,1900,,e2c3,e2c3,True,True,6,0.9999987849803558,0.00027893040047881394,0.0008196532726287842,False,,False
JOB-13,2100,,e2c3,e2c3,True,True,6,0.9999993056132414,0.00027222597418588356,0.0008159875869750977,False,,False
LON-01,1100,,b1d2,b1d2,True,True,10,0.9999964882965034,0.00023712036199867605,0.0007891356945037981,False,,False
LON-01,1300,,b1d2,b1d2,True,True,10,0.9999860633743379,0.0005552565213292589,0.0022321045398711603,False,,False
LON-01,1500,,b1d2,b1d2,True,True,10,0.999995398588105,0.00032352264970540707,0.0010365843772888184,False,,False
LON-01,1700,,b1d2,b1d2,True,True,10,0.9999996597359803,0.00014044935815036831,0.0004805922508239746,False,,False
LON-01,1900,,b1d2,b1d2,True,True,10,0.999997964930901,0.00024667349644006407,0.0008153244853019992,False,,False
LON-01,2100,,b1d2,b1d2,True,True,10,0.9999894349375209,0.0004608156858012133,0.001850843429565513,False,,False
LON-02,1100,,c2f5,c2f5,True,True,10,0.9999972699561398,0.0002159546595066931,0.0010199248790740967,False,,False
LON-02,1300,,c2d2,c2c1,False,True,10,0.9999871361692142,0.0004137226031161968,0.0015785992145538885,True,,False
LON-02,1500,,c2c1,c2c1,True,True,10,0.9999915684120398,0.0003971917671151681,0.0014237165451049805,False,,False
LON-02,1700,,c2c1,c2c1,True,True,10,0.9999748053862246,0.0008111608738545189,0.0040631890296936035,False,,False
LON-02,1900,,c2c1,c2c1,True,True,10,0.9999998637870028,5.781135114374435e-05,0.00027140974998471346,False,,False
LON-02,2100,,c2c1,c2c1,True,True,10,0.9999997163049461,0.00011811553267764927,0.0005771964788437028,False,,False
LON-03,1100,,f1e2,f1e2,True,True,10,0.9999994862768387,8.89083370566382e-05,0.0002576112747192036,False,,False
LON-03,1300,,f1e2,f1e2,True,True,10,0.9999936184841723,0.0005759301595389997,0.0025944113731384832,False,,False
LON-03,1500,,f1e2,f1e2,True,True,10,0.9999903205892984,0.0005313481204211898,0.0026758313179016113,False,,False
LON-03,1700,,f1e2,f1e2,True,True,10,0.999994042209758,0.0004501939052715798,0.002162933349609375,False,,False
LON-03,1900,,f1e2,f1e2,True,True,10,0.9999956297520156,0.00036137858405708566,0.001705467700958252,False,,False
LON-03,2100,,f1e2,f1e2,True,True,10,0.9999996214286864,0.00017528890166431123,0.0008173882961273193,False,,False
LON-04,1100,,b1d2,b1d2,True,True,10,0.9999942258620105,0.00034738522954284184,0.0016530752182006003,False,,False
LON-04,1300,,b1d2,b1d2,True,True,10,0.9999916607194409,0.0005288054235279627,0.002610623836517334,False,,False
LON-04,1500,,b1d2,b1d2,True,True,10,0.9999979572055917,0.00029365059453994794,0.0011349916458129883,False,,False
LON-04,1700,,b1d2,b1d2,True,True,10,0.9999997149807044,0.0002165608108043875,0.0011119842529296875,False,,False
LON-04,1900,,b1d2,b1d2,True,True,10,0.9999996863381372,0.00011737728491426614,0.00038450956344610043,False,,False
LON-04,2100,,b1d2,b1d2,True,True,10,0.9999999346563915,8.986443281173901e-05,0.00029796361923217773,False,,False
LON-05,1100,,b1c3,b1c3,True,True,10,0.9999819308884454,0.0005352472886443118,0.002248615026473999,False,,False
LON-05,1300,,b1c3,b1c3,True,True,10,0.9999944605940322,0.0002808584365993902,0.001076817512512207,False,,False
LON-05,1500,,b1c3,b1c3,True,True,10,0.9999973618485842,0.00022179274819788603,0.0007681846618652344,False,,False
LON-05,1700,,b1c3,b1c3,True,True,10,0.9999763471186107,0.0005696529988199592,0.002591013908386286,False,,False
LON-05,1900,,b1c3,b1c3,True,True,10,0.9999925332771573,0.00038387114182114785,0.001359164714813177,False,,False
LON-05,2100,,b1c3,b1c3,True,True,10,0.9999965006822334,0.0003115198574960247,0.0011069178581237793,False,,False
LON-06,1100,,g7g6,g7g6,True,True,10,0.9999471376058158,0.0007558532059192532,0.0032944679260253906,False,,False
LON-06,1300,,g7g6,g7g6,True,True,10,0.9999658377732373,0.0004504915326833555,0.0019075125455857156,False,,False
LON-06,1500,,g7g6,g7g6,True,True,10,0.9999741243337779,0.0006335569545626769,0.0023919045925139826,False,,False
LON-06,1700,,g7g6,g7g6,True,True,10,0.9999983166552531,0.00020971139892936135,0.00041136145591740003,False,,False
LON-06,1900,,g7g6,g7g6,True,True,10,0.999995834930199,0.0002716856077313274,0.0006743073463439941,False,,False
LON-06,2100,,g7g6,g7g6,True,True,10,0.9999998181033799,0.00015031872317194998,0.0005521774291992188,False,,False
LON-07,1100,,h4g3,h4g3,True,True,10,0.9999999196355474,6.828985642640098e-05,0.00033215433359140567,False,,False
LON-07,1300,,h4g3,h4g3,True,True,10,0.999999869589804,0.00016377161955458017,0.0008248686790464088,False,,False
LON-07,1500,,h4g3,h4g3,True,True,10,0.9999999692719622,4.7692150110353e-05,0.0001787282526493003,False,,False
LON-07,1700,,h4g3,h4g3,True,True,10,0.9999999264732355,0.00013601011887658213,0.0006843805313109241,False,,False
LON-07,1900,,h4g3,h4g3,True,True,10,0.9999999965082879,2.857055224013559e-05,0.00014203786849975586,False,,False
LON-07,2100,,h4g3,h4g3,True,True,10,0.9999999997151564,7.185946742559559e-06,3.1769275665394225e-05,False,,False
LON-09,1100,,f1e2,f1e2,True,True,10,0.9999960331689239,0.00019822461763396282,0.0008708983659743985,False,,False
LON-09,1300,,f1e2,f1e2,True,True,10,0.9999956353100972,0.00025683384155853904,0.000972449779510498,False,,False
LON-09,1500,,f1e2,f1e2,True,True,10,0.9999880874331774,0.0004040418774820969,0.001929163932800293,False,,False
LON-09,1700,,f1e2,f1e2,True,True,10,0.9999907315343268,0.00046465045888907896,0.0023112893104552668,False,,False
LON-09,1900,,f1e2,f1e2,True,True,10,0.9999540628141423,0.000920199224492531,0.004605412483215332,False,,False
LON-09,2100,,f1e2,f1e2,True,True,10,0.999998613938829,0.00021168835082792042,0.0006711818277835985,False,,False
LON-10,1100,,a1c1,a1c1,True,True,10,0.9999916797056246,0.0004380543716251906,0.0021485984325408936,False,,False
LON-10,1300,,a1c1,a1c1,True,True,10,0.9999928785428392,0.0003216749988496358,0.0016060918569563987,False,,False
LON-10,1500,,a1c1,a1c1,True,True,10,0.9999991869928639,0.00014774342998860913,0.0005414485931395929,False,,False
LON-10,1700,,a1c1,a1c1,True,True,10,0.9999967508103895,0.00034901122562585625,0.0017655491828918457,False,,False
LON-10,1900,,a1c1,a1c1,True,True,10,0.9999989367633592,0.00018447734182699689,0.0008428245782852034,False,,False
LON-10,2100,,a1c1,a1c1,True,True,10,0.9999993813602559,0.00018740692175922243,0.000941157341003418,False,,False
LON-11,1100,,f1b5,f1b5,True,True,10,0.9999669632797429,0.0005601786077022574,0.0021987855434417725,False,,False
LON-11,1300,,f1b5,f1b5,True,True,10,0.9999897479445354,0.0002913444768637398,0.0011246502399444996,False,,False
LON-11,1500,,f1b5,f1b5,True,True,10,0.9999988394553139,0.00015713996253909502,0.0007169842720032293,False,,False
LON-11,1700,,f1b5,f1b5,True,True,10,0.9999897105176873,0.000285829766653479,0.0011999011039733887,False,,False
LON-11,1900,,f1b5,f1b5,True,True,10,0.9999789060801183,0.0004751506028697219,0.0021084547042847235,False,,False
LON-11,2100,,f1b5,f1b5,True,True,10,0.9999578525443191,0.0006293321552220688,0.0023243427276611883,False,,False
LON-12,1100,,e1g1,e1g1,True,True,10,0.9999888030452802,0.00024064071476460856,0.0009574294090270996,False,,False
LON-12,1300,,e1g1,e1g1,True,True,10,0.9999885756112737,0.0003722546622157336,0.0014474987983704168,False,,False
LON-12,1500,,e1g1,e1g1,True,True,10,0.9999867796776439,0.00035032527521249425,0.0009679645299911013,False,,False
LON-12,1700,,e1g1,e1g1,True,True,10,0.9999763814542746,0.0003433838486671394,0.0010682940483092984,False,,False
LON-12,1900,,d3b5,d3b5,True,True,10,0.9999556932531725,0.0005788796581327896,0.001293167471885709,False,,False
LON-12,2100,,d3b5,d3b5,True,True,10,0.9999914852216203,0.00036204103380441127,0.0009405910968779962,False,,False
LON-15,1100,,f1b5,f1b5,True,True,10,0.9999928551862035,0.00032380679622292033,0.001231357455253601,False,,False
LON-15,1300,,f1b5,f1b5,True,True,10,0.999986206668801,0.0005373229272663705,0.0025850236415863037,False,,False
LON-15,1500,,f1b5,f1b5,True,True,10,0.9999756429267048,0.0006475911010056813,0.0028517544269561212,False,,False
LON-15,1700,,f1b5,f1b5,True,True,9,0.9999881034865968,0.0006689724201957166,0.0030817389488220215,False,,False
LON-15,1900,,f1b5,f1b5,True,True,10,0.999995458449065,0.00047830212861299905,0.0015474557876586914,False,,False
LON-15,2100,,f1b5,f1b5,True,True,10,0.999998441510618,0.0003725128713995287,0.0015244483947753906,False,,False
ORD-01,1100,,f1e2,f1e2,True,True,10,0.9999677549380772,0.0004281476372853094,0.0014226287603378018,False,,False
ORD-01,1300,,f1e2,f1e2,True,True,10,0.9999719404317132,0.0004397552227601429,0.0016566365957260132,False,,False
ORD-01,1500,,f1e2,f1e2,True,True,10,0.9999826774559908,0.00044754962436853885,0.0017686188220977783,False,,False
ORD-01,1700,,f1e2,f1e2,True,True,10,0.9999919771297554,0.00031912969425323766,0.001179665327072199,False,,False
ORD-01,1900,,f1e2,f1e2,True,True,10,0.9999862354562726,0.0004341123392805488,0.001476973295211792,False,,False
ORD-01,2100,,c2c3,c2c3,True,True,10,0.999996096980512,0.0002458094852045214,0.001029282808303833,False,,False
ORD-02,1100,,d1c2,d1c2,True,True,10,0.9999950068864232,0.00028492650017141065,0.0011282563209533136,False,,False
ORD-02,1300,,d1c2,d1c2,True,True,10,0.9999933428469647,0.00030243280343709484,0.001234337687492315,False,,False
ORD-02,1500,,d1c2,d1c2,True,True,10,0.9999970273859553,0.0003037943271920249,0.0012369155883789062,False,,False
ORD-02,1700,,d1c2,d1c2,True,True,10,0.9999968357562501,0.00020517203956842898,0.0008641481399536133,False,,False
ORD-02,1900,,d1b3,d1b3,True,True,10,0.9999971392174419,0.00021291361190375695,0.0007276237010955811,False,,False
ORD-02,2100,,d1b3,d1b3,True,True,10,0.9999939399170554,0.0003018626011907976,0.0013934522867203036,False,,False
ORD-09,1100,,e2e3,e2e3,True,True,10,0.9999924844944941,0.0002948759123683094,0.0012530684471130926,False,,False
ORD-09,1300,,e2e3,e2e3,True,True,10,0.99996979224692,0.0005076779052614995,0.001511603593826294,False,,False
ORD-09,1500,,e2e3,e2e3,True,True,10,0.9999847340600145,0.0003737058490514814,0.001360535621643011,False,,False
ORD-09,1700,,e2e3,e2e3,True,True,10,0.9999827929347159,0.0005816532298922583,0.0015100836753844937,False,,False
ORD-09,1900,,d4f3,d4f3,True,True,10,0.9999930426767115,0.0004350006580353019,0.0009124875068665106,False,,False
ORD-09,2100,,d4f3,d4f3,True,True,10,0.9999985653281224,0.00015267077833413002,0.00034106522798539596,False,,False
ORD-10,1100,,b2b3,b2b3,True,True,10,0.9999892176336322,0.000544228963553885,0.0026795268058776855,False,,False
ORD-10,1300,,b2b3,b2b3,True,True,10,0.9999994698991629,0.0001891565509140488,0.0006550550460814875,False,,False
ORD-10,1500,,b2b3,b2b3,True,True,10,0.9999821711031026,0.0005364624783396633,0.0020749866962432306,False,,False
ORD-10,1700,,d4b3,b2b3,False,True,10,0.9999757218545327,0.0005221051163971591,0.0024534761905670166,True,,False
ORD-10,1900,,d4b3,d4b3,True,True,10,0.9999989495798868,0.0001878498587757303,0.000682830810546875,False,,False
ORD-10,2100,,d4b3,d4b3,True,True,10,0.9999923405975328,0.00037759188562631207,0.0017678439617156982,False,,False
PST-01,1100,,d4c5,d4c5,True,True,10,0.9999721220084034,0.0005586586194112786,0.0022506117820739746,False,,False
PST-01,1300,,e2e3,e2e3,True,True,10,0.9999835190567127,0.0004882889566942974,0.0015752315521240234,False,,False
PST-01,1500,,e2e3,e2e3,True,True,10,0.9999310231045366,0.0008184625767171459,0.003386914730072077,False,,False
PST-01,1700,,e2e3,e2e3,True,True,10,0.9999874242170296,0.0003963583614677294,0.0017052292823790949,False,,False
PST-01,1900,,e2e3,e2e3,True,True,10,0.9999634449234293,0.0006279193097725423,0.0025186538696289062,False,,False
PST-01,2100,,d4c5,d4c5,True,True,9,0.9999454292401344,0.0007664120704349453,0.003261476755142212,False,,False
PST-04,1100,,g1f3,g1f3,True,True,10,0.9999293127721228,0.00046522021293640936,0.0011673644185066084,False,,False
PST-04,1300,,g1f3,g1f3,True,True,10,0.9999805425576432,0.0003374905325472511,0.0009067729115486006,False,,False
PST-04,1500,,g1f3,g1f3,True,True,10,0.9999738925586169,0.00040960162878038024,0.0013338029384613037,False,,False
PST-04,1700,,g1f3,g1f3,True,True,9,0.9999728613622729,0.00041559918059243635,0.0011311173439026018,False,,False
PST-04,1900,,g1f3,g1f3,True,True,10,0.999979440406029,0.0005648691207170576,0.002229034900665283,False,,False
PST-04,2100,,g1f3,g1f3,True,True,10,0.9999655744343433,0.0008174227550625981,0.0024378597736358643,False,,False
STO-01,1100,,g1f3,g1f3,True,True,10,0.9999996619246336,8.496209047734928e-05,0.00019189715385439787,False,,False
STO-01,1300,,g1f3,g1f3,True,True,10,0.9999970583278213,0.0002105299266986341,0.0009149387478828014,False,,False
STO-01,1500,,g1f3,g1f3,True,True,10,0.9999992838136743,0.00010856157168744962,0.0004302561283111017,False,,False
STO-01,1700,,c2c3,c2c3,True,True,10,0.999997064939564,0.00024718891363590133,0.0010030791163444033,False,,False
STO-01,1900,,c2c3,c2c3,True,True,10,0.9999912383435858,0.0003578117117285785,0.001729130744934082,False,,False
STO-01,2100,,g1f3,g1f3,True,True,10,0.9999794956389577,0.000535093294456609,0.002380847930908203,False,,False
TOR-02,1100,,e2e3,e2e3,True,True,10,0.9999924679427814,0.00036543160676956037,0.0009513646364212036,False,,False
TOR-02,1300,,e2e3,e2e3,True,True,10,0.9999926879622989,0.00029920712113379566,0.001097798347473089,False,,False
TOR-02,1500,,e2e3,e2e3,True,True,10,0.9999660454661984,0.000544670317322009,0.002454698085784912,False,,False
TOR-02,1700,,b1d2,b1d2,True,True,10,0.9999939558648256,0.0003107496537268193,0.0010073184967041016,False,,False
TOR-02,1900,,b1d2,b1d2,True,True,10,0.9999925086435708,0.0003090312238782601,0.0010489672422409058,False,,False
TOR-02,2100,,b1d2,b1d2,True,True,10,0.9999943112370484,0.0003078127279877757,0.0009582340717315674,False,,False
TOR-05,1100,,d4c5,d4c5,True,True,10,0.9999952071765049,0.0003055579960346288,0.0007213205099105835,False,,False
TOR-05,1300,,d4c5,d4c5,True,True,10,0.9999726860252577,0.0004567544907331441,0.0019280016422272284,False,,False
TOR-05,1500,,e2e3,e2e3,True,True,10,0.9999937267353005,0.00022526569664477503,0.0009805858135223111,False,,False
TOR-05,1700,,e2e3,e2e3,True,True,10,0.9999680236083833,0.0004886724054813406,0.0023827850818634033,False,,False
TOR-05,1900,,e2e3,e2e3,True,True,10,0.9999908655590772,0.00032811188139023306,0.0013228654861450195,False,,False
TOR-05,2100,,e2e3,e2e3,True,True,10,0.9999781319828291,0.0005177006765734216,0.002450168132781927,False,,False
TOR-06,1100,,d4e5,d4e5,True,True,10,0.9999963209571492,0.00026642801240083,0.0007421895861625949,False,,False
TOR-06,1300,,g5f3,g5f3,True,True,10,0.9999913422380478,0.0003747671842574938,0.0008977130055426996,False,,False
TOR-06,1500,,g5f3,g5f3,True,True,10,0.9999974071281756,0.0002796252258121943,0.0014383792877197266,False,,False
TOR-06,1700,,g5f3,g5f3,True,True,10,0.9999985467775472,0.00026892165187744827,0.0011507868766784668,False,,False
TOR-06,1900,,g5f3,g5f3,True,True,10,0.9999954116971206,0.000615770090371374,0.00307542085647583,False,,False
TOR-06,2100,,g5f3,g5f3,True,True,10,0.9999954502825263,0.0003265371313318606,0.0013488084077834805,False,,False
TOR-08,1100,,g5f4,g5f4,True,True,10,0.9999919545446935,0.00035616700770335033,0.0016973018646240234,False,,False
TOR-08,1300,,g5h4,g5h4,True,True,10,0.9999999179064423,4.5142078306524983e-05,0.0001914501190185547,False,,False
TOR-08,1500,,g5h4,g5h4,True,True,10,0.9999999692787027,2.9554992215707584e-05,0.00014579296112060547,False,,False
TOR-08,1700,,g5h4,g5h4,True,True,10,0.9999884936082346,0.0004775557841640147,0.002391219139099121,False,,False
TOR-08,1900,,g5h4,g5h4,True,True,10,0.9999996731991477,8.665278728584499e-05,0.000434190034866333,False,,False
TOR-08,2100,,g5h4,g5h4,True,True,10,0.9999763162566674,0.000671869651705487,0.003348231315612793,False,,False
TOR-09,1100,,h4g3,h4g3,True,True,10,0.9999967647189903,0.0006141855148598539,0.003142237663269043,False,,False
TOR-09,1300,,h4g3,h4g3,True,True,10,0.9999991001266454,0.00018895205575972647,0.0007257014513015053,False,,False
TOR-09,1500,,h4g3,h4g3,True,True,10,0.9999987365330418,0.00020051342435180864,0.0008271858096123019,False,,False
TOR-09,1700,,h4g3,h4g3,True,True,10,0.9999824707038111,0.0010177706950343947,0.005118846893310547,False,,False
TOR-09,1900,,h4g3,h4g3,True,True,10,0.9999993838293935,0.00013304254971446906,0.0004949271678925116,False,,False
TOR-09,2100,,h4g3,h4g3,True,True,10,0.9999956834533122,0.0002646191278472431,0.0011273622512817383,False,,False
TOR-10,1100,,b2b3,b2b3,True,True,10,0.9999989865668631,0.0002606759779155159,0.0011668205261230469,False,,False
TOR-10,1300,,b2b3,b2b3,True,True,10,0.9999983931971359,0.0002642787527292993,0.0006614923477172852,False,,False
TOR-10,1500,,b2b3,b2b3,True,True,10,0.9999998042690512,0.00012066573835910572,0.00030165910720825195,False,,False
TOR-10,1700,,b2b3,b2b3,True,True,10,0.9999859854233849,0.0005552186863496718,0.0027118325233459473,False,,False
TOR-10,1900,,b2b3,b2b3,True,True,10,0.9999854965618452,0.0004989292006939577,0.0023329854011535645,False,,False
TOR-10,2100,,d1c1,d1c1,True,True,10,0.9999853604046727,0.00041570955654606477,0.0017544925212860107,False,,False
VER-01,1100,,f1b5,f1b5,True,True,10,0.999984227563576,0.00039352504536509307,0.0018458068370819092,False,,False
VER-01,1300,,g1f3,g1f3,True,True,10,0.9999599778757572,0.0006639430299401422,0.002999782562255915,False,,False
VER-01,1500,,g1f3,g1f3,True,True,10,0.9999987617310159,0.00033943150192499696,0.001007705926895086,False,,False
VER-01,1700,,g1f3,g1f3,True,True,9,0.999946517927542,0.0008919472909636119,0.0037195980548858087,False,,False
VER-01,1900,,g1f3,g1f3,True,True,10,0.9999953465151131,0.00043803323060271905,0.002311468124389593,False,,False
VER-01,2100,,g1f3,g1f3,True,True,10,0.9999989871459329,0.0003037067130208203,0.001314699649810791,False,,False
VER-03,1100,,c3b5,c3b5,True,True,10,0.9999815828898845,0.0005123558861669288,0.0022251009941101074,False,,False
VER-03,1300,,g5f6,g5f6,True,True,10,0.9999947597947954,0.0003989248129073645,0.0012760460376739502,False,,False
VER-03,1500,,g5f6,g5f6,True,True,10,0.9999835848945922,0.000495516398223106,0.0024123191833496094,False,,False
VER-03,1700,,g5f6,g5f6,True,True,10,0.9999921804468429,0.0004294293699786089,0.002141118049621582,False,,False
VER-03,1900,,g5f6,g5f6,True,True,10,0.9999991339716382,0.00024258094490505586,0.000925488770008101,False,,False
VER-03,2100,,g5f6,g5f6,True,True,10,0.9999997840804855,0.00019176217319907826,0.0009371042251585804,False,,False
VER-05,1100,,d4c5,d4c5,True,True,10,0.9999957056742974,0.00033363259863107813,0.0016228556632995605,False,,False
VER-05,1300,,d4c5,d4c5,True,True,10,0.999998992584611,0.00018293579341845492,0.0006602108478545865,False,,False
VER-05,1500,,d4c5,d4c5,True,True,10,0.9999976302741276,0.00027247217949479707,0.000744961202144595,False,,False
VER-05,1700,,d4c5,d4c5,True,True,10,0.999998650908267,0.0001478228019550628,0.0007413774728775024,False,,False
VER-05,1900,,d4c5,d4c5,True,True,10,0.9999806623921559,0.00043980356422252743,0.0021539479494095126,False,,False
VER-05,2100,,e2e4,e2e4,True,True,10,0.9999965239740727,0.0002465235535055219,0.0011040493845940053,False,,False
VER-08,1100,,d4a4,d4a4,True,True,10,0.9999872278591695,0.00040207374840975016,0.0017433464527130127,False,,False
VER-08,1300,,d4a4,d4a4,True,True,10,0.9999992576376187,0.00013146493583916473,0.0002748072147369385,False,,False
VER-08,1500,,d4a4,d4a4,True,True,10,0.9999443670495402,0.000625499431043866,0.0028534829616547186,False,,False
VER-08,1700,,d4d2,d4d2,True,True,10,0.9999813047542061,0.0004634341225027941,0.0013002082705497048,False,,False
VER-08,1900,,d4d2,d4d2,True,True,10,0.9999957100710151,0.00025166966952382987,0.0007409453392028809,False,,False
VER-08,2100,,d4h4,d4h4,True,True,10,0.9999881049384006,0.00038863294175826336,0.001563191413879339,False,,False
