core_order,line_id,bias_code,bias_title,chapter_opening,title,tier,line_type,key_move_san,key_move_uci,fen_before_key_move,fen_after_key_move,fixed_prefix,concept,human_problem,black_plan,memory_rule,editorial_surprise_1_5,editorial_opponent_burden_1_5,editorial_our_simplicity_1_5,editorial_learning_longevity_1_5,legacy_engine_grade,legacy_engine_max_loss_cp,stockfish_v1_status,maia3_status,lichess_status,external_review_status,publication_gate
1,ORD-01,B1,Pilotage automatique,Londres — ordres de coups,2.Bf4 : ...c5 puis le clouage ...Bg4,Essentiel,critique,Bg4,c8g4,r1bqkbnr/pp2pppp/2n5/2pp4/3P1B2/4PN2/PPP2PPP/RN1QKB1R b KQkq -,r2qkbnr/pp2pppp/2n5/2pp4/3P1Bb1/4PN2/PPP2PPP/RN1QKB1R w KQkq -,1. d4 d5 2. Bf4 c5 3. e3 Nc6 4. Nf3 Bg4,Frapper le centre puis développer avec un clouage avant de sortir la dame.,"Sans c3, la dame noire n’a pas besoin de sortir tôt ; le clouage ralentit le développement naturel.","Après Be2, choisir entre ...Bxe2 et ...e6 ; après h3, décider Bh5 ou Bf5.","Sans c3, développe d’abord ; avec c3, ...Qb6 devient plus fort.",4,4,5,5,A,19,A_REEXECUTER_AVEC_SCRIPT_V1,NON_EXECUTE,NON_EXECUTE,EN_ATTENTE,CORE_RC1_NON_PUBLIABLE_SANS_VALIDATION
2,ORD-02,B1,Pilotage automatique,Londres — ordres de coups,2.Bf4 et 3.c3 : revenir au plan ...Nc6,Essentiel,structure,Qb6,d8b6,r1bqkb1r/pp2pppp/2n2n2/2pp4/3P1B2/2P1PN2/PP3PPP/RN1QKB1R b KQkq -,r1b1kb1r/pp2pppp/1qn2n2/2pp4/3P1B2/2P1PN2/PP3PPP/RN1QKB1R w KQkq -,1. d4 d5 2. Bf4 c5 3. c3 Nc6 4. e3 Nf6 5. Nf3 Qb6,Retrouver le noyau du répertoire par transposition.,c3 semble sécuriser d4 mais retire la meilleure case au cavalier b1.,Attaquer b2 et d4 ; utiliser ...Bf5 si la dame recule.,c3 protège d4 une fois et affaiblit b2 pour longtemps.,3,3,5,5,A,19,A_REEXECUTER_AVEC_SCRIPT_V1,NON_EXECUTE,NON_EXECUTE,EN_ATTENTE,CORE_RC1_NON_PUBLIABLE_SANS_VALIDATION
3,COL-01,B1,Pilotage automatique,Colle et Zukertort,3.e3 : sortir le fou avec ...Bf5,Essentiel,critique,e6,e7e6,rn1qkb1r/ppp1pppp/5n2/3p1b2/3P4/3BPN2/PPP2PPP/RNBQK2R b KQkq -,rn1qkb1r/ppp2ppp/4pn2/3p1b2/3P4/3BPN2/PPP2PPP/RNBQK2R w KQkq -,1. d4 d5 2. Nf3 Nf6 3. e3 Bf5 4. Bd3 e6,Développer le fou c8 avant de fermer sa diagonale.,Le Colle compte sur un Noir qui joue automatiquement ...e6 puis subit e4.,"Après Bxf5 exf5, utiliser la colonne e et contrôler e4.","Contre le Colle, le fou c8 sort avant le pion e.",3,3,5,5,A,21,A_REEXECUTER_AVEC_SCRIPT_V1,NON_EXECUTE,NON_EXECUTE,EN_ATTENTE,CORE_RC1_NON_PUBLIABLE_SANS_VALIDATION
4,COL-10,B1,Pilotage automatique,Colle et Zukertort,Zukertort : frapper par ...c5,Essentiel,critique,Nc6,b8c6,rnbqkb1r/pp3ppp/4pn2/2pp4/3P4/1P2PN2/PBP2PPP/RN1QKB1R b KQkq -,r1bqkb1r/pp3ppp/2n1pn2/2pp4/3P4/1P2PN2/PBP2PPP/RN1QKB1R w KQkq -,1. d4 d5 2. Nf3 Nf6 3. e3 e6 4. b3 c5 5. Bb2 Nc6,Occuper l’espace avant que Bb2 et Bd3 ne construisent une attaque.,Le plan blanc est lent et suppose une position fermée.,"Jouer ...Bd6, ...O-O et parfois ...cxd4 pour isoler d4.",Le Zukertort aime le temps : enlève-lui du temps avec ...c5.,3,3,5,5,A,1,A_REEXECUTER_AVEC_SCRIPT_V1,NON_EXECUTE,NON_EXECUTE,EN_ATTENTE,CORE_RC1_NON_PUBLIABLE_SANS_VALIDATION
5,VER-01,B1,Pilotage automatique,Veresov et pseudo-Trompowsky,3...c5 : attaquer d4 immédiatement,Essentiel,critique,e6,e7e6,rnbqkb1r/pp2pppp/5n2/2pp2B1/3P4/2N1P3/PPP2PPP/R2QKBNR b KQkq -,rnbqkb1r/pp3ppp/4pn2/2pp2B1/3P4/2N1P3/PPP2PPP/R2QKBNR w KQkq -,1. d4 d5 2. Nc3 Nf6 3. Bg5 c5 4. e3 e6,Refuser une position fermée et préparer ...Nc6.,Le Veresov veut e4 sans rencontrer de tension centrale.,"Développer ...Nc6, ...Be7 et décider entre ...cxd4 et ...Be7.","Contre Nc3+Bg5, la réponse est ...c5 avant e4.",3,3,5,5,A,0,A_REEXECUTER_AVEC_SCRIPT_V1,NON_EXECUTE,NON_EXECUTE,EN_ATTENTE,CORE_RC1_NON_PUBLIABLE_SANS_VALIDATION
6,LON-02,B2,Double cible et surcharge,Londres — noyau ...Qb6,La dame recule en c2 : ...Bf5,Club,critique,Bf5,c8f5,r1b1kb1r/pp2pppp/1qn2n2/3p4/2pP1B2/2P1PN2/PPQ2PPP/RN2KB1R b KQkq -,r3kb1r/pp2pppp/1qn2n2/3p1b2/2pP1B2/2P1PN2/PPQ2PPP/RN2KB1R w KQkq -,1. d4 d5 2. Nf3 Nf6 3. Bf4 c5 4. e3 Nc6 5. c3 Qb6 6. Qb3 c4 7. Qc2 Bf5,Développer avec tempo sur la dame et obtenir une version améliorée du développement noir.,Le recul Qc2 paraît naturel mais autorise un second gain de temps.,"Après ...Bf5, développer ...e6, ...Be7 et choisir entre ...Nh5 et ...e5.",Une dame déplacée deux fois doit être interrogée une troisième fois.,4,4,5,5,A,0,A_REEXECUTER_AVEC_SCRIPT_V1,NON_EXECUTE,NON_EXECUTE,EN_ATTENTE,CORE_RC1_NON_PUBLIABLE_SANS_VALIDATION
7,LON-04,B2,Double cible et surcharge,Londres — noyau ...Qb6,Qc1 et reprise par le pion e,Essentiel,critique,Bf5,c8f5,r1b1kb1r/pp2pppp/1qn2n2/3p4/3P1B2/2P2N2/PP3PPP/RNQ1KB1R b KQkq -,r3kb1r/pp2pppp/1qn2n2/3p1b2/3P1B2/2P2N2/PP3PPP/RNQ1KB1R w KQkq -,1. d4 d5 2. Nf3 Nf6 3. Bf4 c5 4. e3 Nc6 5. c3 Qb6 6. Qc1 cxd4 7. exd4 Bf5,Clarifier le centre puis développer le fou avant ...e6.,Qc1 défend b2 mais enferme la tour a1 et laisse les Noirs gagner l’initiative de développement.,"Mettre le fou en f5, jouer ...e6 et exploiter la colonne c semi-ouverte.","Quand la dame retourne en c1, ouvre la colonne c avant qu’elle ne ressorte.",3,3,5,5,A,15,A_REEXECUTER_AVEC_SCRIPT_V1,NON_EXECUTE,NON_EXECUTE,EN_ATTENTE,CORE_RC1_NON_PUBLIABLE_SANS_VALIDATION
8,LON-09,B2,Double cible et surcharge,Londres — noyau ...Qb6,b3 protège b2 : développer avec ...Bg4,Essentiel,structure,Bg4,c8g4,r1b1kb1r/pp2pppp/1qn2n2/2pp4/3P1B2/1PP1PN2/P4PPP/RN1QKB1R b KQkq -,r3kb1r/pp2pppp/1qn2n2/2pp4/3P1Bb1/1PP1PN2/P4PPP/RN1QKB1R w KQkq -,1. d4 d5 2. Nf3 Nf6 3. Bf4 c5 4. e3 Nc6 5. c3 Qb6 6. b3 Bg4,Répondre à une concession de case sombre par un développement actif.,b3 règle un problème immédiat mais affaiblit c3 et ralentit le développement du cavalier b1.,"Mettre la pression sur f3, jouer ...e6 et échanger en d4 au bon moment.","Quand b2 est sauvé par b3, change de cible : f3 et d4.",3,3,5,5,A,2,A_REEXECUTER_AVEC_SCRIPT_V1,NON_EXECUTE,NON_EXECUTE,EN_ATTENTE,CORE_RC1_NON_PUBLIABLE_SANS_VALIDATION
9,JOB-12,B2,Double cible et surcharge,Jobava,4.Nb1 : la pression ...Qb6,Club,pratique,Qb6,d8b6,rnbqkb1r/pp2pppp/5n2/2pp4/3P1B2/8/PPP1PPPP/RN1QKBNR b KQkq -,rnb1kb1r/pp2pppp/1q3n2/2pp4/3P1B2/8/PPP1PPPP/RN1QKBNR w KQkq -,1. d4 d5 2. Nc3 Nf6 3. Bf4 c5 4. Nb1 Qb6,Punir le retrait du cavalier par une double attaque sur b2 et d4.,"Le cavalier recule pour éviter les tactiques, mais le développement blanc recommence à zéro.",Prendre b2 si les cases de sortie sont claires ; sinon développer ...Nc6.,Un retrait au premier rang autorise la dame à entrer.,5,5,4,4,A,5,A_REEXECUTER_AVEC_SCRIPT_V1,NON_EXECUTE,NON_EXECUTE,EN_ATTENTE,CORE_RC1_NON_PUBLIABLE_SANS_VALIDATION
10,TOR-10,B2,Double cible et surcharge,Torre,Bf4 puis ...Qb6 : double pression,Avancé,critique,Qb6,d8b6,rnbqkb1r/pp2pppp/8/2pp4/3PnB2/4PN2/PPP2PPP/RN1QKB1R b KQkq -,rnb1kb1r/pp2pppp/1q6/2pp4/3PnB2/4PN2/PPP2PPP/RN1QKB1R w KQkq -,1. d4 d5 2. Nf3 Nf6 3. Bg5 Ne4 4. Bf4 c5 5. e3 Qb6,Combiner l’avant-poste e4 avec la cible b2.,Les Blancs ont replacé le fou comme au Londres mais ont perdu un tempo.,Jouer ...Nc6 et prendre b2 si la dame dispose d’une sortie.,Une Torre qui recule en f4 est un Londres avec un tempo de moins.,5,5,4,5,A,3,A_REEXECUTER_AVEC_SCRIPT_V1,NON_EXECUTE,NON_EXECUTE,EN_ATTENTE,CORE_RC1_NON_PUBLIABLE_SANS_VALIDATION
11,LON-01,B3,Simplification trompeuse,Londres — noyau ...Qb6,La dame blanche s’échange : ...c4!,Essentiel,critique,axb6,a7b6,r1b1kb1r/pp2pppp/1Qn2n2/3p4/2pP1B2/2P1PN2/PP3PPP/RN2KB1R b KQkq -,r1b1kb1r/1p2pppp/1pn2n2/3p4/2pP1B2/2P1PN2/PP3PPP/RN2KB1R w KQkq -,1. d4 d5 2. Nf3 Nf6 3. Bf4 c5 4. e3 Nc6 5. c3 Qb6 6. Qb3 c4 7. Qxb6 axb6,Fermer le centre avec gain de temps et accepter les pions doublés pour ouvrir la colonne a.,Le joueur du Londres pense neutraliser la pression par un échange de dames ; il sous-estime la structure active des Noirs.,"Jouer ...b5, ...Bf5 et utiliser la colonne a ; le fou f4 manque souvent de bonnes cases.","Qb3 ? Répondre c4 ; après l’échange, la colonne a paie les pions doublés.",5,4,5,5,A,0,A_REEXECUTER_AVEC_SCRIPT_V1,NON_EXECUTE,NON_EXECUTE,EN_ATTENTE,CORE_RC1_NON_PUBLIABLE_SANS_VALIDATION
12,LON-03,B3,Simplification trompeuse,Londres — noyau ...Qb6,La finale asymétrique : le plan ...b5,Avancé,structure,b5,b6b5,r1b1kb1r/1p2pppp/1pn2n2/3p4/2pP1B2/2P1PN2/PP1N1PPP/R3KB1R b KQkq -,r1b1kb1r/1p2pppp/2n2n2/1p1p4/2pP1B2/2P1PN2/PP1N1PPP/R3KB1R w KQkq -,1. d4 d5 2. Nf3 Nf6 3. Bf4 c5 4. e3 Nc6 5. c3 Qb6 6. Qb3 c4 7. Qxb6 axb6 8. Nbd2 b5,Transformer une faiblesse statique apparente en majorité d’espace et colonne ouverte.,Les Blancs évaluent souvent les pions b6-b7 comme faibles sans voir la poussée ...b5-b4.,"Fixer l’aile-dame, développer le fou c8 en f5 et doubler les tours sur la colonne a.",Les pions doublés ne sont faibles que s’ils ne bougent pas et si la colonne ouverte ne sert à rien.,4,4,4,5,A,0,A_REEXECUTER_AVEC_SCRIPT_V1,NON_EXECUTE,NON_EXECUTE,EN_ATTENTE,CORE_RC1_NON_PUBLIABLE_SANS_VALIDATION
13,LON-05,B3,Simplification trompeuse,Londres — noyau ...Qb6,Qc1 et reprise par le pion c,Club,structure,Bf5,c8f5,r1b1kb1r/pp2pppp/1qn2n2/3p4/3P1B2/4PN2/PP3PPP/RNQ1KB1R b KQkq -,r3kb1r/pp2pppp/1qn2n2/3p1b2/3P1B2/4PN2/PP3PPP/RNQ1KB1R w KQkq -,1. d4 d5 2. Nf3 Nf6 3. Bf4 c5 4. e3 Nc6 5. c3 Qb6 6. Qc1 cxd4 7. cxd4 Bf5,Forcer une structure de Carlsbad inversée où les Noirs ont déjà développé activement.,La reprise cxd4 paraît saine mais laisse c3 vide et facilite ...Nb4.,"Développer ...e6, viser b4 et mettre une tour en c8.","Après cxd4, la case b4 devient une vraie destination.",3,3,4,5,A,15,A_REEXECUTER_AVEC_SCRIPT_V1,NON_EXECUTE,NON_EXECUTE,EN_ATTENTE,CORE_RC1_NON_PUBLIABLE_SANS_VALIDATION
14,JOB-11,B3,Simplification trompeuse,Jobava,4.Bxb8 : reprendre avec la tour,Club,structure,Rxb8,a8b8,rBbqkb1r/pp2pppp/5n2/2pp4/3P4/2N5/PPP1PPPP/R2QKBNR b KQkq -,1rbqkb1r/pp2pppp/5n2/2pp4/3P4/2N5/PPP1PPPP/R2QKBNR w KQk -,1. d4 d5 2. Nc3 Nf6 3. Bf4 c5 4. Bxb8 Rxb8,Accepter une structure inhabituelle pour activer la tour sur la colonne b.,Les Blancs pensent abîmer la coordination noire en échangeant le fou contre le cavalier.,"Jouer ...a6, ...e6 et utiliser b2 comme cible de long terme.",Une tour développée gratuitement peut valoir plus que le droit de roquer côté dame.,4,3,4,5,A,0,A_REEXECUTER_AVEC_SCRIPT_V1,NON_EXECUTE,NON_EXECUTE,EN_ATTENTE,CORE_RC1_NON_PUBLIABLE_SANS_VALIDATION
15,VER-05,B3,Simplification trompeuse,Veresov et pseudo-Trompowsky,4.Bxf6 : reprendre du pion g,Club,structure,gxf6,g7f6,rnbqkb1r/pp2pppp/5B2/2pp4/3P4/2N5/PPP1PPPP/R2QKBNR b KQkq -,rnbqkb1r/pp2pp1p/5p2/2pp4/3P4/2N5/PPP1PPPP/R2QKBNR w KQkq -,1. d4 d5 2. Nc3 Nf6 3. Bg5 c5 4. Bxf6 gxf6,Accepter la structure pour obtenir la colonne g et un centre mobile.,Les Blancs appliquent la règle “abîmer les pions du roque” sans regarder que le roi noir peut roquer long ou rester au centre.,"Jouer ...cxd4, ...e6 et utiliser la paire de fous.",Les pions doublés g contrôlent e5 et ouvrent la colonne g.,5,4,3,5,A,0,A_REEXECUTER_AVEC_SCRIPT_V1,NON_EXECUTE,NON_EXECUTE,EN_ATTENTE,CORE_RC1_NON_PUBLIABLE_SANS_VALIDATION
16,LON-10,B4,Le pion prétendument gratuit,Londres — noyau ...Qb6,Le pion c5 “gratuit” : ...Qxb2!,Essentiel,pratique,Qxc3,b2c3,r1b1kb1r/pp2pppp/2n2n2/2Pp4/5B2/2P1PN2/Pq1N1PPP/R2QKB1R b KQkq -,r1b1kb1r/pp2pppp/2n2n2/2Pp4/5B2/2q1PN2/P2N1PPP/R2QKB1R w KQkq -,1. d4 d5 2. Nf3 Nf6 3. Bf4 c5 4. e3 Nc6 5. c3 Qb6 6. dxc5 Qxb2 7. Nbd2 Qxc3,"Exploiter la surcharge de la dame blanche : elle ne peut défendre c5, b2 et le développement.",Le joueur du système voit un pion en c5 et oublie que sa tour a1 est encore enfermée.,"Rentrer par a5 ou c3, puis développer ; ne pas collectionner les pions sans voie de sortie.","Avant de prendre c5, compte b2 — deux fois.",5,5,4,4,A,0,A_REEXECUTER_AVEC_SCRIPT_V1,NON_EXECUTE,NON_EXECUTE,EN_ATTENTE,CORE_RC1_NON_PUBLIABLE_SANS_VALIDATION
17,LON-11,B4,Le pion prétendument gratuit,Londres — noyau ...Qb6,Nbd2 laisse b2 : la route de sortie ...Qxc3,Club,critique,Qxc3,b2c3,r1b1kb1r/pp2pppp/2n2n2/2pp4/3P1B2/2P1PN2/Pq1N1PPP/1R1QKB1R b Kkq -,r1b1kb1r/pp2pppp/2n2n2/2pp4/3P1B2/2q1PN2/P2N1PPP/1R1QKB1R w Kkq -,1. d4 d5 2. Nf3 Nf6 3. Bf4 c5 4. e3 Nc6 5. c3 Qb6 6. Nbd2 Qxb2 7. Rb1 Qxc3,Prendre b2 seulement lorsque la dame dispose d’une case de fuite concrète.,"Rb1 ressemble à un gain de dame, mais c3 devient la case d’évacuation.","Après ...Qxc3, répondre au développement par ...Bd7 ou ...cxd4 et ramener la dame.",Une dame n’est pas piégée si elle peut sortir par la case que le pion c vient de quitter.,5,5,3,4,A,4,A_REEXECUTER_AVEC_SCRIPT_V1,NON_EXECUTE,NON_EXECUTE,EN_ATTENTE,CORE_RC1_NON_PUBLIABLE_SANS_VALIDATION
18,LON-12,B4,Le pion prétendument gratuit,Londres — noyau ...Qb6,Bd3 oublie b2,Essentiel,pratique,Qxc3,b2c3,r1b1kb1r/pp2pppp/2n2n2/2pp4/3P1B2/2PBPN2/Pq1N1PPP/R2QK2R b KQkq -,r1b1kb1r/pp2pppp/2n2n2/2pp4/3P1B2/2qBPN2/P2N1PPP/R2QK2R w KQkq -,1. d4 d5 2. Nf3 Nf6 3. Bf4 c5 4. e3 Nc6 5. c3 Qb6 6. Bd3 Qxb2 7. Nbd2 Qxc3,Punir un développement automatique qui ne répond pas à la menace immédiate.,"Bd3 est le coup “du système”, mais la position exige d’abord de traiter b2.","Après le gain de pion, neutraliser e4 et finir le développement sans précipitation.",Un coup normal peut être une gaffe s’il ignore une question concrète.,5,5,5,4,A,0,A_REEXECUTER_AVEC_SCRIPT_V1,NON_EXECUTE,NON_EXECUTE,EN_ATTENTE,CORE_RC1_NON_PUBLIABLE_SANS_VALIDATION
19,LON-15,B4,Le pion prétendument gratuit,Londres — noyau ...Qb6,Qa4 ne sauve pas b2 : ...Qxb2,Avancé,critique,Qxb2,b6b2,r1b1kb1r/pp2pppp/1qn2n2/2pp4/Q2P1B2/2P1PN2/PP3PPP/RN2KB1R b KQkq -,r1b1kb1r/pp2pppp/2n2n2/2pp4/Q2P1B2/2P1PN2/Pq3PPP/RN2KB1R w KQkq -,1. d4 d5 2. Nf3 Nf6 3. Bf4 c5 4. e3 Nc6 5. c3 Qb6 6. Qa4 Qxb2,Vérifier concrètement la cible b2 au lieu de répondre automatiquement au pseudo-clouage.,"Qa4 donne une impression d’activité, mais la dame blanche ne protège toujours pas son aile-dame.","Après ...Qxb2, préparer ...Bd7 ou ...a6 et identifier la sortie avant Rb1.",Une dame active ne protège pas automatiquement les pions qu’elle a quittés.,4,4,4,5,A,0,A_REEXECUTER_AVEC_SCRIPT_V1,NON_EXECUTE,NON_EXECUTE,EN_ATTENTE,CORE_RC1_NON_PUBLIABLE_SANS_VALIDATION
20,PST-04,B4,Le pion prétendument gratuit,Veresov et pseudo-Trompowsky,3.Bxh6? : accepter le sacrifice,Essentiel,pratique,Rxh6,h8h6,rnbqkbnr/ppp1ppp1/7B/3p4/3P4/8/PPP1PPPP/RN1QKBNR b KQkq -,rnbqkbn1/ppp1ppp1/7r/3p4/3P4/8/PPP1PPPP/RN1QKBNR w KQq -,1. d4 d5 2. Bg5 h6 3. Bxh6 Rxh6,Reconnaître un sacrifice visuellement tentant mais insuffisant.,Le joueur pense empêcher le roque et gagner deux pions pour le fou.,"Développer ...Nf6, ...c5 et utiliser la tour active h6.",Deux pions ne valent pas un fou ; la tour h6 peut rentrer par h8.,5,5,5,4,A,23,A_REEXECUTER_AVEC_SCRIPT_V1,NON_EXECUTE,NON_EXECUTE,EN_ATTENTE,CORE_RC1_NON_PUBLIABLE_SANS_VALIDATION
21,LON-06,B5,Peur et sur-réaction,Londres — noyau ...Qb6,Qc2 : poser la question avec ...Nh5,Essentiel,pratique,hxg3,h2g3,r1b1kb1r/pp2pppp/1qn5/2pp4/3P4/2P1PNn1/PPQ2PPP/RN2KB1R w KQkq -,r1b1kb1r/pp2pppp/1qn5/2pp4/3P4/2P1PNP1/PPQ2PP1/RN2KB1R b KQkq -,1. d4 d5 2. Nf3 Nf6 3. Bf4 c5 4. e3 Nc6 5. c3 Qb6 6. Qc2 Nh5 7. Bg3 Nxg3 8. hxg3,Échanger le fou du Londres et provoquer une structure qui offre des cibles.,Les Blancs veulent conserver leur fou et acceptent souvent une reprise h qui modifie leur roque.,"Jouer ...g6, ...Bg7 et ouvrir la colonne h seulement si le roi blanc y roque.","Q protégée, fou exposé : ...Nh5 devient possible.",4,4,5,5,A,5,A_REEXECUTER_AVEC_SCRIPT_V1,NON_EXECUTE,NON_EXECUTE,EN_ATTENTE,CORE_RC1_NON_PUBLIABLE_SANS_VALIDATION
22,LON-07,B5,Peur et sur-réaction,Londres — noyau ...Qb6,Le fou se cache en g5 : ...h6 et ...g5,Club,pratique,g5,g7g5,r1b1kb1r/pp2ppp1/1qn4p/2pp3n/3P3B/2P1PN2/PPQ2PPP/RN2KB1R b KQkq -,r1b1kb1r/pp2pp2/1qn4p/2pp2pn/3P3B/2P1PN2/PPQ2PPP/RN2KB1R w KQkq -,1. d4 d5 2. Nf3 Nf6 3. Bf4 c5 4. e3 Nc6 5. c3 Qb6 6. Qc2 Nh5 7. Bg5 h6 8. Bh4 g5,"Gagner de l’espace sur l’aile-roi sans mettre son roi en danger, car le centre est contrôlé.",Le fou blanc suit un automatisme de conservation et finit par manquer de cases.,"Poursuivre par ...g4 si le cavalier f3 est mal placé, sinon consolider avec ...Bg7.",Ne pousse pas les pions pour attaquer le roi : pousse-les pour emprisonner le fou.,5,5,4,4,A,0,A_REEXECUTER_AVEC_SCRIPT_V1,NON_EXECUTE,NON_EXECUTE,EN_ATTENTE,CORE_RC1_NON_PUBLIABLE_SANS_VALIDATION
23,TOR-02,B5,Peur et sur-réaction,Torre,4.Bh4 : le coup machine ...h5!,Club,pratique,h5,h7h5,rnbqkb1r/ppp1pppp/8/3p4/3Pn2B/5N2/PPP1PPPP/RN1QKB1R b KQkq -,rnbqkb1r/ppp1ppp1/8/3p3p/3Pn2B/5N2/PPP1PPPP/RN1QKB1R w KQkq -,1. d4 d5 2. Nf3 Nf6 3. Bg5 Ne4 4. Bh4 h5,Restreindre le fou et préparer ...f6-g5 sans craindre une attaque de roi immédiate.,Bh4 applique une règle de conservation du fou mais lui retire ses cases.,"Après e3, jouer ...f6 ; si Nfd2, échanger ou gagner de l’espace.",Le but de ...h5 n’est pas d’attaquer : c’est de fermer la porte h2.,5,5,4,4,A,11,A_REEXECUTER_AVEC_SCRIPT_V1,NON_EXECUTE,NON_EXECUTE,EN_ATTENTE,CORE_RC1_NON_PUBLIABLE_SANS_VALIDATION
24,TOR-05,B5,Peur et sur-réaction,Torre,4.h4 : ignorer l’intimidation,Club,pratique,c5,c7c5,rnbqkb1r/ppp1pppp/8/3p2B1/3Pn2P/5N2/PPP1PPP1/RN1QKB1R b KQkq -,rnbqkb1r/pp2pppp/8/2pp2B1/3Pn2P/5N2/PPP1PPP1/RN1QKB1R w KQkq -,1. d4 d5 2. Nf3 Nf6 3. Bg5 Ne4 4. h4 c5,Répondre sur le centre plutôt que copier une poussée d’aile.,"h4 cherche à punir ...Nxg5 ou ...f6, mais le roi blanc n’est pas développé.","Jouer ...Qb6, ...Nc6 et laisser les Blancs justifier h4.","Contre h4, ne joue pas h5 par réflexe : joue ...c5.",4,4,5,5,A,11,A_REEXECUTER_AVEC_SCRIPT_V1,NON_EXECUTE,NON_EXECUTE,EN_ATTENTE,CORE_RC1_NON_PUBLIABLE_SANS_VALIDATION
25,PST-01,B5,Peur et sur-réaction,Veresov et pseudo-Trompowsky,2.Bg5 : demander au fou avec ...h6,Essentiel,critique,c5,c7c5,rnbqkbnr/ppp1ppp1/7p/3p4/3P3B/8/PPP1PPPP/RN1QKBNR b KQkq -,rnbqkbnr/pp2ppp1/7p/2pp4/3P3B/8/PPP1PPPP/RN1QKBNR w KQkq -,1. d4 d5 2. Bg5 h6 3. Bh4 c5,Obtenir un tempo utile avant de frapper le centre.,Le pseudo-Trompowsky mise sur un Noir qui développe Nf6 automatiquement.,"Jouer ...cxd4, ...Nc6 et ...Qb6.","Avant de jouer ...Nf6, demande au fou où il veut vivre.",4,4,5,5,A,23,A_REEXECUTER_AVEC_SCRIPT_V1,NON_EXECUTE,NON_EXECUTE,EN_ATTENTE,CORE_RC1_NON_PUBLIABLE_SANS_VALIDATION
26,ORD-09,B6,Règles rigides,Londres — ordres de coups,h4 précoce : riposter au centre,Club,structure,Nbd7,b8d7,rnbqkb1r/pp2pppp/5n2/3p4/3N1B1P/8/PPP1PPP1/RN1QKB1R b KQkq -,r1bqkb1r/pp1npppp/5n2/3p4/3N1B1P/8/PPP1PPP1/RN1QKB1R w KQkq -,1. d4 d5 2. Nf3 Nf6 3. Bf4 c5 4. h4 cxd4 5. Nxd4 Nbd7,Répondre à une expansion d’aile par une pression centrale immédiate.,"h4 cherche à intimider, mais ne développe rien et ne défend pas b2.",Ne pas lancer une contre-attaque de pions ; finir le développement et viser d4.,Une attaque d’aile prématurée se punit au centre.,4,4,5,5,A,0,A_REEXECUTER_AVEC_SCRIPT_V1,NON_EXECUTE,NON_EXECUTE,EN_ATTENTE,CORE_RC1_NON_PUBLIABLE_SANS_VALIDATION
27,TOR-08,B6,Règles rigides,Torre,4.e3 : le coup concret ...f6,Club,pratique,f6,f7f6,rnbqkb1r/ppp1pppp/8/3p2B1/3Pn3/4PN2/PPP2PPP/RN1QKB1R b KQkq -,rnbqkb1r/ppp1p1pp/5p2/3p2B1/3Pn3/4PN2/PPP2PPP/RN1QKB1R w KQkq -,1. d4 d5 2. Nf3 Nf6 3. Bg5 Ne4 4. e3 f6,Chasser le fou et préparer e5 dans un centre fermé.,e3 consolide d4 mais enferme le fou c1 ; le roi blanc ne peut exploiter la poussée f.,"Après Bf4, jouer ...c5 ; après Bh4, g5 peut gagner le fou.",La poussée ...f6 est saine quand elle gagne un tempo et prépare ...e5.,5,5,4,4,A,11,A_REEXECUTER_AVEC_SCRIPT_V1,NON_EXECUTE,NON_EXECUTE,EN_ATTENTE,CORE_RC1_NON_PUBLIABLE_SANS_VALIDATION
28,TOR-09,B6,Règles rigides,Torre,Bh4-h5-f6 : échanger puis enfermer,Avancé,structure,g5,g7g5,rnbqkb1r/ppp1p1p1/5p2/3p3p/3P3B/4P3/PPPN1PPP/R2QKB1R b KQkq -,rnbqkb1r/ppp1p3/5p2/3p2pp/3P3B/4P3/PPPN1PPP/R2QKB1R w KQkq -,1. d4 d5 2. Nf3 Nf6 3. Bg5 Ne4 4. Bh4 h5 5. e3 f6 6. Nfd2 Nxd2 7. Nxd2 g5,"Échanger le cavalier qui pourrait défendre le fou, puis construire une cage de pions.",Les Blancs jouent des coups “sûrs” ; l’échange en d2 retire un défenseur et rend la restriction du fou plus concrète.,"Après ...g5, choisir entre gagner le fou, ouvrir la colonne h ou consolider avec ...e6.","Échange d’abord le bon défenseur, puis compte les cases du fou.",5,5,3,5,A,0,A_REEXECUTER_AVEC_SCRIPT_V1,NON_EXECUTE,NON_EXECUTE,EN_ATTENTE,CORE_RC1_NON_PUBLIABLE_SANS_VALIDATION
29,STO-01,B6,Règles rigides,Stonewall et gambits,Stonewall : fermer par ...c4!,Essentiel,pratique,Bf5,c8f5,rnbqkb1r/pp2pppp/5n2/3p4/2pP1P2/4P3/PPP1B1PP/RNBQK1NR b KQkq -,rn1qkb1r/pp2pppp/5n2/3p1b2/2pP1P2/4P3/PPP1B1PP/RNBQK1NR w KQkq -,1. d4 d5 2. e3 Nf6 3. Bd3 c5 4. f4 c4 5. Be2 Bf5,Fixer le fou d3 hors de sa diagonale d’attaque et gagner de l’espace.,Le Stonewall veut Bxh7+ ou e4 ; ...c4 coupe le fou et empêche la rupture facile.,"Jouer ...e6, ...Nc6 et développer l’aile-dame par ...b5.",Fou d3 + f4 = ferme le centre par ...c4.,5,5,5,5,A,6,A_REEXECUTER_AVEC_SCRIPT_V1,NON_EXECUTE,NON_EXECUTE,EN_ATTENTE,CORE_RC1_NON_PUBLIABLE_SANS_VALIDATION
30,BDG-01,B6,Règles rigides,Stonewall et gambits,Blackmar-Diemer : accepter avec ...exf3,Essentiel,critique,Bf5,c8f5,rnbqkb1r/ppp1pppp/5n2/8/3P4/2N2N2/PPP3PP/R1BQKB1R b KQkq -,rn1qkb1r/ppp1pppp/5n2/5b2/3P4/2N2N2/PPP3PP/R1BQKB1R w KQkq -,1. d4 d5 2. e4 dxe4 3. Nc3 Nf6 4. f3 exf3 5. Nxf3 Bf5,Accepter le pion puis développer le fou avant ...e6.,Le gambit compte sur un Noir qui défend passivement son pion supplémentaire.,"Développer ...e6, ...Be7 et roquer ; rendre le pion seulement pour simplifier.","Accepte, développe, roque — ne protège pas le pion avec des contorsions.",4,4,5,5,A,10,A_REEXECUTER_AVEC_SCRIPT_V1,NON_EXECUTE,NON_EXECUTE,EN_ATTENTE,CORE_RC1_NON_PUBLIABLE_SANS_VALIDATION
31,ORD-10,B7,Attaque d’aile avant le centre,Londres — ordres de coups,h3 précoce : prendre l’initiative,Essentiel,structure,Qb6,d8b6,rnbqkb1r/pp2pppp/5n2/3p4/3N1B2/7P/PPP1PPP1/RN1QKB1R b KQkq -,rnb1kb1r/pp2pppp/1q3n2/3p4/3N1B2/7P/PPP1PPP1/RN1QKB1R w KQkq -,1. d4 d5 2. Nf3 Nf6 3. Bf4 c5 4. h3 cxd4 5. Nxd4 Qb6,Capitaliser sur un tempo prophylactique qui ne répond à aucune menace réelle.,h3 est joué par habitude pour offrir h2 au fou.,"Attaquer b2, puis utiliser ...Bf5 ou ...cxd4.","Quand l’adversaire prépare une retraite, avance au centre.",3,3,5,5,A,0,A_REEXECUTER_AVEC_SCRIPT_V1,NON_EXECUTE,NON_EXECUTE,EN_ATTENTE,CORE_RC1_NON_PUBLIABLE_SANS_VALIDATION
32,JOB-06,B7,Attaque d’aile avant le centre,Jobava,4.f3 : ouvrir d4 avant l’attaque,Essentiel,pratique,Nc6,b8c6,rnbqkb1r/pp2pppp/5n2/3p4/3Q1B2/2N2P2/PPP1P1PP/R3KBNR b KQkq -,r1bqkb1r/pp2pppp/2n2n2/3p4/3Q1B2/2N2P2/PPP1P1PP/R3KBNR w KQkq -,1. d4 d5 2. Nc3 Nf6 3. Bf4 c5 4. f3 cxd4 5. Qxd4 Nc6,Punir une préparation lente de e4 en ouvrant le centre.,f3 affaiblit e3 et le roi tout en plaçant la dame blanche face aux tempos.,Développer ...e5 ou ...Bf5 avec tempo sur la dame.,"Quand f3 prépare e4, ouvre le centre avant e4.",5,5,5,4,A,0,A_REEXECUTER_AVEC_SCRIPT_V1,NON_EXECUTE,NON_EXECUTE,EN_ATTENTE,CORE_RC1_NON_PUBLIABLE_SANS_VALIDATION
33,JOB-09,B7,Attaque d’aile avant le centre,Jobava,4.a3 : un tempo décoratif,Essentiel,pratique,Nc6,b8c6,rnbqkb1r/pp2pppp/5n2/3p4/3Q1B2/P1N5/1PP1PPPP/R3KBNR b KQkq -,r1bqkb1r/pp2pppp/2n2n2/3p4/3Q1B2/P1N5/1PP1PPPP/R3KBNR w KQkq -,1. d4 d5 2. Nc3 Nf6 3. Bf4 c5 4. a3 cxd4 5. Qxd4 Nc6,Ouvrir le centre avant que le coup utile e3 n’arrive.,a3 prépare b4 mais ne répond pas à la tension sur d4.,Développer avec tempo et viser e5.,Un coup d’aile sans menace offre un tempo au centre.,4,5,5,4,A,0,A_REEXECUTER_AVEC_SCRIPT_V1,NON_EXECUTE,NON_EXECUTE,EN_ATTENTE,CORE_RC1_NON_PUBLIABLE_SANS_VALIDATION
34,JOB-10,B7,Attaque d’aile avant le centre,Jobava,4.h4 : même sanction centrale,Essentiel,pratique,Nc6,b8c6,rnbqkb1r/pp2pppp/5n2/3p4/3Q1B1P/2N5/PPP1PPP1/R3KBNR b KQkq -,r1bqkb1r/pp2pppp/2n2n2/3p4/3Q1B1P/2N5/PPP1PPP1/R3KBNR w KQkq -,1. d4 d5 2. Nc3 Nf6 3. Bf4 c5 4. h4 cxd4 5. Qxd4 Nc6,Montrer que l’agression visuelle n’empêche pas la rupture centrale.,h4 cherche une attaque avant que le roi noir ait choisi son aile.,Développer ...e5 avec tempo si possible et garder le roi flexible.,Ne réponds pas à h4 par h5 : réponds par le centre.,5,5,5,5,A,0,A_REEXECUTER_AVEC_SCRIPT_V1,NON_EXECUTE,NON_EXECUTE,EN_ATTENTE,CORE_RC1_NON_PUBLIABLE_SANS_VALIDATION
35,VER-08,B7,Attaque d’aile avant le centre,Veresov et pseudo-Trompowsky,4.f3 : ouvrir avant e4,Essentiel,pratique,Nc6,b8c6,rnbqkb1r/pp2pppp/5n2/3p2B1/3Q4/2N2P2/PPP1P1PP/R3KBNR b KQkq -,r1bqkb1r/pp2pppp/2n2n2/3p2B1/3Q4/2N2P2/PPP1P1PP/R3KBNR w KQkq -,1. d4 d5 2. Nc3 Nf6 3. Bg5 c5 4. f3 cxd4 5. Qxd4 Nc6,Attaquer la dame et le centre avant que f3-e4 ne fonctionne.,f3 affaiblit les diagonales et retarde le cavalier g1.,Développer ...e5 avec tempo et garder le roi flexible.,Comme au Jobava : f3 appelle ...cxd4.,5,5,5,5,A,0,A_REEXECUTER_AVEC_SCRIPT_V1,NON_EXECUTE,NON_EXECUTE,EN_ATTENTE,CORE_RC1_NON_PUBLIABLE_SANS_VALIDATION
36,JOB-03,B8,Géométrie tactique machine-humanisée,Jobava,4.dxc5 : la poussée machine ...d4!,Essentiel,pratique,d4,d5d4,rnbqkb1r/pp2pppp/5n2/2Pp4/5B2/2N5/PPP1PPPP/R2QKBNR b KQkq -,rnbqkb1r/pp2pppp/5n2/2P5/3p1B2/2N5/PPP1PPPP/R2QKBNR w KQkq -,1. d4 d5 2. Nc3 Nf6 3. Bf4 c5 4. dxc5 d4,Gagner de l’espace et chasser le cavalier au lieu de récupérer immédiatement le pion.,Les Blancs attendent ...e6 ; ...d4 inverse la question et force une décision.,"Après Nb1, jouer ...e5 ; après Na4, préparer ...Qa5+.",Un pion pris sur l’aile peut être payé par un tempo au centre.,5,5,5,5,A,0,A_REEXECUTER_AVEC_SCRIPT_V1,NON_EXECUTE,NON_EXECUTE,EN_ATTENTE,CORE_RC1_NON_PUBLIABLE_SANS_VALIDATION
37,JOB-04,B8,Géométrie tactique machine-humanisée,Jobava,4.Nb5 : l’échec qui casse le schéma,Essentiel,pratique,Qa5+,d8a5,rnbqkb1r/pp2pppp/5n2/1Npp4/3P1B2/8/PPP1PPPP/R2QKBNR b KQkq -,rnb1kb1r/pp2pppp/5n2/qNpp4/3P1B2/8/PPP1PPPP/R2QKBNR w KQkq -,1. d4 d5 2. Nc3 Nf6 3. Bf4 c5 4. Nb5 Qa5+,Exploiter immédiatement le cavalier éloigné et le roi au centre.,Le joueur connaît la menace Nc7+ mais oublie que son cavalier c3 ne peut plus bloquer Qa5+.,"Après Nc3, prendre d4 ou jouer ...Na6 selon la tactique.",Nb5 sans c3 disponible appelle ...Qa5+.,5,5,5,5,A,0,A_REEXECUTER_AVEC_SCRIPT_V1,NON_EXECUTE,NON_EXECUTE,EN_ATTENTE,CORE_RC1_NON_PUBLIABLE_SANS_VALIDATION
38,JOB-13,B8,Géométrie tactique machine-humanisée,Jobava,Le double motif : clouage puis ...Qa5+,Avancé,critique,Qa5+,d8a5,r2qkb1r/pp2pppp/2n2n2/1Npp4/3P1B2/4P3/PPP1NPPP/R2QK2R b KQkq -,r3kb1r/pp2pppp/2n2n2/qNpp4/3P1B2/4P3/PPP1NPPP/R2QK2R w KQkq -,1. d4 d5 2. Nc3 Nf6 3. Bf4 c5 4. e3 Bg4 5. Be2 Bxe2 6. Ngxe2 Nc6 7. Nb5 Qa5+,Retirer le défenseur du centre avant d’utiliser l’échec a5.,"Les Blancs retrouvent Nb5, mais leur coordination a changé après l’échange en e2.",Calculer cxd4 et e5 ; ne pas défendre c7 passivement.,Le motif ...Qa5+ reste vivant tant que Nc3 ne peut interposer.,4,5,3,5,A,0,A_REEXECUTER_AVEC_SCRIPT_V1,NON_EXECUTE,NON_EXECUTE,EN_ATTENTE,CORE_RC1_NON_PUBLIABLE_SANS_VALIDATION
39,TOR-06,B8,Géométrie tactique machine-humanisée,Torre,4.Nbd2 : prendre le fou,Essentiel,pratique,e5,e7e5,rnbqkb1r/ppp1pppp/8/3p2N1/3P4/8/PPPNPPPP/R2QKB1R b KQkq -,rnbqkb1r/ppp2ppp/8/3pp1N1/3P4/8/PPPNPPPP/R2QKB1R w KQkq -,1. d4 d5 2. Nf3 Nf6 3. Bg5 Ne4 4. Nbd2 Nxg5 5. Nxg5 e5,Échanger la pièce active puis gagner le centre avec tempo.,Nbd2 suppose que le cavalier e4 doit reculer ; il oublie l’échange favorable.,"Après ...e5, développer ...Nc6 et viser d4.","Quand le cavalier d2 reprend en g5, le centre e5 devient libre.",5,5,5,5,A,0,A_REEXECUTER_AVEC_SCRIPT_V1,NON_EXECUTE,NON_EXECUTE,EN_ATTENTE,CORE_RC1_NON_PUBLIABLE_SANS_VALIDATION
40,VER-03,B8,Géométrie tactique machine-humanisée,Veresov et pseudo-Trompowsky,4.dxc5 : encore ...d4!,Essentiel,pratique,d4,d5d4,rnbqkb1r/pp2pppp/5n2/2Pp2B1/8/2N5/PPP1PPPP/R2QKBNR b KQkq -,rnbqkb1r/pp2pppp/5n2/2P3B1/3p4/2N5/PPP1PPPP/R2QKBNR w KQkq -,1. d4 d5 2. Nc3 Nf6 3. Bg5 c5 4. dxc5 d4,Utiliser le même pattern que contre le Jobava.,Les Blancs prennent sur c5 en s’attendant à ...e6.,"Chasser le cavalier, jouer ...e5 et récupérer c5 plus tard.",Nc3 + prise en c5 = vérifie toujours ...d4.,5,5,5,5,A,0,A_REEXECUTER_AVEC_SCRIPT_V1,NON_EXECUTE,NON_EXECUTE,EN_ATTENTE,CORE_RC1_NON_PUBLIABLE_SANS_VALIDATION
